date,rainfall_mm,tmax_c,tmin_c,humidity_pct
2025-09-25,3.35,28.0,20.66,62.52
2025-09-26,3.09,29.02,21.18,70.06
2025-09-27,2.37,28.29,19.9,64.36
2025-09-28,2.51,27.48,21.71,62.38
2025-09-29,2.92,28.76,21.9,54.37
2025-09-30,3.91,28.1,22.05,65.43
2025-10-01,3.73,30.61,20.72,54.45
2025-10-02,2.01,33.56,21.86,57.82
2025-10-03,0.65,30.29,22.7,69.82
2025-10-04,4.19,30.41,24.5,69.74
2025-10-05,4.39,33.0,26.09,66.13
2025-10-06,2.4,33.09,22.95,58.98
2025-10-07,4.55,32.94,23.28,66.32
2025-10-08,0.74,31.2,25.27,65.42
2025-10-09,8.01,33.32,24.56,72.62
2025-10-10,4.85,35.07,24.51,81.34
2025-10-11,6.89,31.28,24.72,71.74
2025-10-12,0.78,33.33,24.86,67.34
2025-10-13,1.93,30.69,27.18,65.96
2025-10-14,2.67,32.15,24.46,72.09
2025-10-15,11.01,31.27,28.82,72.03
2025-10-16,3.12,34.68,25.86,67.69
2025-10-17,1.14,32.79,26.59,74.54
2025-10-18,4.7,36.03,26.18,68.69
2025-10-19,4.38,35.94,24.81,80.49
2025-10-20,2.07,35.37,25.52,80.7
2025-10-21,6.83,30.8,29.56,81.25
2025-10-22,7.68,34.83,30.44,73.87
2025-10-23,3.09,35.87,26.74,79.21
2025-10-24,1.55,36.22,29.51,76.36
2025-10-25,5.74,32.94,28.02,75.43
2025-10-26,4.78,35.03,26.73,76.02
2025-10-27,2.66,33.99,30.41,71.53
2025-10-28,1.67,34.27,31.05,71.1
2025-10-29,3.15,37.93,27.42,82.56
2025-10-30,5.16,34.09,27.64,77.88
2025-10-31,3.96,35.52,27.95,80.15
2025-11-01,6.25,37.21,27.38,84.27
2025-11-02,10.55,34.1,28.56,70.78
2025-11-03,4.78,34.86,29.36,75.67
2025-11-04,7.02,35.1,27.13,80.6
2025-11-05,3.96,34.78,28.11,81.79
2025-11-06,13.31,31.96,28.88,78.02
2025-11-07,4.1,34.31,25.39,85.11
2025-11-08,9.9,36.59,25.97,81.05
2025-11-09,9.7,30.49,24.97,73.93
2025-11-10,3.25,34.99,26.76,75.33
2025-11-11,7.31,33.19,25.94,83.97
2025-11-12,0.93,31.33,26.11,82.19
2025-11-13,4.51,36.26,25.59,70.28
2025-11-14,0.97,33.42,23.61,86.4
2025-11-15,5.91,29.13,24.7,82.51
2025-11-16,2.91,31.29,22.61,86.07
2025-11-17,3.19,31.9,22.24,77.25
2025-11-18,1.73,29.97,19.31,77.48
2025-11-19,4.26,31.31,24.04,73.09
2025-11-20,7.38,29.4,20.2,91.15
2025-11-21,1.71,30.45,21.25,77.3
2025-11-22,3.23,31.58,20.72,85.81
2025-11-23,4.37,26.93,22.46,74.31
2025-11-24,2.28,28.27,20.55,78.02
2025-11-25,7.75,26.51,18.32,68.48
2025-11-26,12.99,27.27,19.14,74.53
2025-11-27,4.77,24.23,18.48,80.95
2025-11-28,3.14,25.03,18.63,69.35
2025-11-29,4.4,25.39,16.05,80.52
2025-11-30,1.85,27.18,17.41,76.38
2025-12-01,0.86,27.28,20.29,68.98
2025-12-02,1.85,21.95,17.64,71.19
2025-12-03,4.16,22.64,19.18,70.89
2025-12-04,2.76,25.15,20.74,72.4
2025-12-05,1.59,19.52,16.3,69.41
2025-12-06,1.34,22.24,13.16,67.39
2025-12-07,3.4,22.64,14.76,69.42
2025-12-08,2.45,25.03,16.28,65.22
2025-12-09,5.21,23.6,15.63,63.3
2025-12-10,1.35,21.28,12.24,68.89
2025-12-11,16.49,20.93,13.43,72.91
2025-12-12,2.76,20.92,13.35,60.21
2025-12-13,12.07,24.24,13.27,67.22
2025-12-14,2.35,20.12,12.92,63.3
2025-12-15,4.37,20.18,11.58,60.99
2025-12-16,2.28,21.32,11.79,69.47
2025-12-17,9.27,20.22,12.14,61.93
2025-12-18,5.81,19.94,13.9,71.33
2025-12-19,1.6,18.0,11.46,59.25
2025-12-20,2.76,20.11,13.16,64.38
2025-12-21,4.93,19.18,10.43,60.62
2025-12-22,0.51,22.36,13.93,57.28
2025-12-23,1.67,21.31,12.21,63.29
2025-12-24,1.77,19.95,12.01,58.87
2025-12-25,0.2,21.36,14.01,61.96
2025-12-26,3.51,19.39,9.49,58.01
2025-12-27,8.99,22.24,9.94,52.12
2025-12-28,0.43,20.21,12.92,56.34
2025-12-29,0.92,21.5,11.18,56.42
2025-12-30,3.2,17.88,11.9,60.27
2025-12-31,3.24,21.31,16.54,50.26
2026-01-01,3.37,17.41,12.41,53.92
2026-01-02,1.74,16.91,13.07,44.84
2026-01-03,1.79,20.58,13.07,56.05
2026-01-04,0.42,19.62,15.04,46.74
2026-01-05,6.84,22.0,14.08,42.47
2026-01-06,6.1,26.43,14.2,50.58
2026-01-07,1.57,20.56,12.44,55.78
2026-01-08,2.01,21.27,14.02,42.03
2026-01-09,1.72,23.24,14.84,43.61
2026-01-10,1.57,24.15,12.87,44.76
2026-01-11,0.79,23.15,16.34,42.26
2026-01-12,9.88,23.45,16.44,49.25
2026-01-13,1.77,25.63,18.95,42.78
2026-01-14,3.53,25.64,14.25,42.69
2026-01-15,2.07,22.92,15.54,48.71
2026-01-16,2.54,25.22,16.01,41.53
2026-01-17,6.47,25.85,16.78,47.01
2026-01-18,2.11,24.08,18.03,39.54
2026-01-19,5.03,27.12,18.28,37.9
2026-01-20,0.97,25.3,19.4,34.38
2026-01-21,4.22,29.38,19.74,52.47
2026-01-22,5.18,28.25,19.78,41.2
2026-01-23,3.71,28.46,18.01,43.67
2026-01-24,1.19,27.52,19.87,41.97
2026-01-25,1.58,28.88,21.21,42.62
2026-01-26,1.21,25.54,22.4,41.79
2026-01-27,3.21,27.68,22.9,50.82
2026-01-28,1.53,31.08,19.95,35.85
2026-01-29,0.86,26.49,21.99,33.05
2026-01-30,0.57,32.84,23.04,35.58
2026-01-31,0.98,28.03,24.04,33.81
2026-02-01,2.12,33.41,25.56,44.07
2026-02-02,3.64,30.57,24.36,44.32
2026-02-03,2.3,34.17,23.3,35.32
2026-02-04,2.6,33.21,25.54,33.11
2026-02-05,4.39,30.2,25.61,38.25
2026-02-06,3.14,36.08,25.91,46.96
2026-02-07,0.36,36.76,25.71,30.0
2026-02-08,1.73,34.02,28.54,42.67
2026-02-09,0.47,33.87,26.77,34.71
2026-02-10,2.46,34.34,27.94,45.37
2026-02-11,0.3,32.93,25.55,34.89
2026-02-12,1.82,37.28,28.24,38.98
2026-02-13,1.77,34.19,26.41,33.03
2026-02-14,2.67,35.33,25.15,35.85
2026-02-15,2.32,34.0,28.05,47.87
2026-02-16,10.43,34.45,28.61,45.26
2026-02-17,1.34,33.25,27.52,39.4
2026-02-18,3.25,38.4,27.89,37.33
2026-02-19,1.09,35.64,29.44,32.5
2026-02-20,0.84,37.92,27.29,40.32
2026-02-21,1.43,36.03,24.98,42.47
2026-02-22,0.52,34.6,28.38,42.56
2026-02-23,2.4,35.31,28.27,42.89
2026-02-24,0.3,34.79,29.48,38.15
2026-02-25,3.85,35.85,27.36,43.85
2026-02-26,2.09,34.99,29.61,44.42
2026-02-27,4.05,35.03,29.29,51.53
2026-02-28,0.93,32.73,25.57,54.88
2026-03-01,5.88,33.72,28.69,45.36
2026-03-02,4.69,38.46,25.53,42.73
2026-03-03,4.48,33.61,24.66,46.76
2026-03-04,1.97,32.63,26.34,44.59
2026-03-05,3.82,35.17,25.67,44.48
2026-03-06,2.27,37.06,23.31,48.47
2026-03-07,4.99,31.06,26.27,44.13
2026-03-08,0.44,33.26,26.57,52.98
2026-03-09,2.53,32.11,27.41,50.04
2026-03-10,6.31,29.54,25.0,52.44
2026-03-11,4.51,34.19,22.51,50.91
2026-03-12,4.48,32.33,22.94,48.83
2026-03-13,4.18,32.16,25.43,48.38
2026-03-14,2.96,30.15,24.93,52.6
2026-03-15,1.14,32.18,24.03,51.71
2026-03-16,3.94,29.8,22.44,56.3
2026-03-17,1.95,30.2,22.79,55.8
2026-03-18,1.99,27.87,21.76,49.7
2026-03-19,2.59,27.24,21.23,57.54
2026-03-20,2.52,31.93,21.71,51.18
2026-03-21,1.17,27.83,20.9,55.51
2026-03-22,4.65,29.0,20.11,57.83
2026-03-23,2.85,27.93,20.13,49.62
