date,region,crop,price_inr_qtl
2025-06-18,Bhopal,Wheat,2218.97
2025-06-19,Bhopal,Wheat,2282.58
2025-06-20,Bhopal,Wheat,2175.67
2025-06-21,Bhopal,Wheat,2287.49
2025-06-22,Bhopal,Wheat,2325.22
2025-06-23,Bhopal,Wheat,2297.3
2025-06-24,Bhopal,Wheat,2346.99
2025-06-25,Bhopal,Wheat,2278.2
2025-06-26,Bhopal,Wheat,2360.92
2025-06-27,Bhopal,Wheat,2418.6
2025-06-28,Bhopal,Wheat,2316.09
2025-06-29,Bhopal,Wheat,2325.78
2025-06-30,Bhopal,Wheat,2344.73
2025-07-01,Bhopal,Wheat,2341.04
2025-07-02,Bhopal,Wheat,2281.56
2025-07-03,Bhopal,Wheat,2327.11
2025-07-04,Bhopal,Wheat,2339.31
2025-07-05,Bhopal,Wheat,2407.88
2025-07-06,Bhopal,Wheat,2378.93
2025-07-07,Bhopal,Wheat,2397.13
2025-07-08,Bhopal,Wheat,2425.68
2025-07-09,Bhopal,Wheat,2353.62
2025-07-10,Bhopal,Wheat,2370.99
2025-07-11,Bhopal,Wheat,2418.16
2025-07-12,Bhopal,Wheat,2395.69
2025-07-13,Bhopal,Wheat,2373.85
2025-07-14,Bhopal,Wheat,2320.16
2025-07-15,Bhopal,Wheat,2354.46
2025-07-16,Bhopal,Wheat,2381.98
2025-07-17,Bhopal,Wheat,2463.31
2025-07-18,Bhopal,Wheat,2367.65
2025-07-19,Bhopal,Wheat,2383.0
2025-07-20,Bhopal,Wheat,2384.68
2025-07-21,Bhopal,Wheat,2367.02
2025-07-22,Bhopal,Wheat,2422.01
2025-07-23,Bhopal,Wheat,2421.94
2025-07-24,Bhopal,Wheat,2423.69
2025-07-25,Bhopal,Wheat,2512.46
2025-07-26,Bhopal,Wheat,2418.58
2025-07-27,Bhopal,Wheat,2338.29
2025-07-28,Bhopal,Wheat,2385.75
2025-07-29,Bhopal,Wheat,2308.81
2025-07-30,Bhopal,Wheat,2326.44
2025-07-31,Bhopal,Wheat,2442.66
2025-08-01,Bhopal,Wheat,2440.88
2025-08-02,Bhopal,Wheat,2365.58
2025-08-03,Bhopal,Wheat,2359.96
2025-08-04,Bhopal,Wheat,2288.23
2025-08-05,Bhopal,Wheat,2315.0
2025-08-06,Bhopal,Wheat,2318.41
2025-08-07,Bhopal,Wheat,2353.14
2025-08-08,Bhopal,Wheat,2341.31
2025-08-09,Bhopal,Wheat,2341.12
2025-08-10,Bhopal,Wheat,2317.9
2025-08-11,Bhopal,Wheat,2257.61
2025-08-12,Bhopal,Wheat,2267.26
2025-08-13,Bhopal,Wheat,2236.43
2025-08-14,Bhopal,Wheat,2309.19
2025-08-15,Bhopal,Wheat,2327.55
2025-08-16,Bhopal,Wheat,2200.63
2025-08-17,Bhopal,Wheat,2259.06
2025-08-18,Bhopal,Wheat,2282.11
2025-08-19,Bhopal,Wheat,2229.1
2025-08-20,Bhopal,Wheat,2263.04
2025-08-21,Bhopal,Wheat,2239.96
2025-08-22,Bhopal,Wheat,2248.45
2025-08-23,Bhopal,Wheat,2230.13
2025-08-24,Bhopal,Wheat,2262.28
2025-08-25,Bhopal,Wheat,2179.54
2025-08-26,Bhopal,Wheat,2222.92
2025-08-27,Bhopal,Wheat,2085.52
2025-08-28,Bhopal,Wheat,2168.81
2025-08-29,Bhopal,Wheat,2181.09
2025-08-30,Bhopal,Wheat,2238.79
2025-08-31,Bhopal,Wheat,2190.14
2025-09-01,Bhopal,Wheat,2228.79
2025-09-02,Bhopal,Wheat,2163.34
2025-09-03,Bhopal,Wheat,2192.68
2025-09-04,Bhopal,Wheat,2172.53
2025-09-05,Bhopal,Wheat,2286.31
2025-09-06,Bhopal,Wheat,2170.46
2025-09-07,Bhopal,Wheat,2184.58
2025-09-08,Bhopal,Wheat,2173.71
2025-09-09,Bhopal,Wheat,2218.56
2025-09-10,Bhopal,Wheat,2133.78
2025-09-11,Bhopal,Wheat,2080.32
2025-09-12,Bhopal,Wheat,2167.45
2025-09-13,Bhopal,Wheat,2185.17
2025-09-14,Bhopal,Wheat,2076.67
2025-09-15,Bhopal,Wheat,2186.74
2025-09-16,Bhopal,Wheat,2136.26
2025-09-17,Bhopal,Wheat,2093.44
2025-09-18,Bhopal,Wheat,2190.11
2025-09-19,Bhopal,Wheat,2064.38
2025-09-20,Bhopal,Wheat,2218.65
2025-09-21,Bhopal,Wheat,2170.3
2025-09-22,Bhopal,Wheat,2087.52
2025-09-23,Bhopal,Wheat,2079.1
2025-09-24,Bhopal,Wheat,2183.82
2025-09-25,Bhopal,Wheat,2038.06
2025-09-26,Bhopal,Wheat,2154.53
2025-09-27,Bhopal,Wheat,2047.27
2025-09-28,Bhopal,Wheat,2130.67
2025-09-29,Bhopal,Wheat,2110.71
2025-09-30,Bhopal,Wheat,2207.56
2025-10-01,Bhopal,Wheat,2169.19
2025-10-02,Bhopal,Wheat,2122.31
2025-10-03,Bhopal,Wheat,2123.93
2025-10-04,Bhopal,Wheat,2088.22
2025-10-05,Bhopal,Wheat,2142.51
2025-10-06,Bhopal,Wheat,2234.82
2025-10-07,Bhopal,Wheat,2142.99
2025-10-08,Bhopal,Wheat,2206.05
2025-10-09,Bhopal,Wheat,2184.41
2025-10-10,Bhopal,Wheat,2176.84
2025-10-11,Bhopal,Wheat,2233.02
2025-10-12,Bhopal,Wheat,2217.87
2025-10-13,Bhopal,Wheat,2196.88
2025-10-14,Bhopal,Wheat,2154.25
2025-10-15,Bhopal,Wheat,2146.75
2025-10-16,Bhopal,Wheat,2255.32
2025-10-17,Bhopal,Wheat,2214.82
2025-10-18,Bhopal,Wheat,2270.42
2025-10-19,Bhopal,Wheat,2206.76
2025-10-20,Bhopal,Wheat,2247.13
2025-10-21,Bhopal,Wheat,2283.24
2025-10-22,Bhopal,Wheat,2244.12
2025-10-23,Bhopal,Wheat,2233.83
2025-10-24,Bhopal,Wheat,2319.86
2025-10-25,Bhopal,Wheat,2224.88
2025-10-26,Bhopal,Wheat,2267.83
2025-10-27,Bhopal,Wheat,2319.15
2025-10-28,Bhopal,Wheat,2371.85
2025-10-29,Bhopal,Wheat,2275.08
2025-10-30,Bhopal,Wheat,2356.17
2025-10-31,Bhopal,Wheat,2237.19
2025-11-01,Bhopal,Wheat,2240.95
2025-11-02,Bhopal,Wheat,2294.42
2025-11-03,Bhopal,Wheat,2368.21
2025-11-04,Bhopal,Wheat,2392.27
2025-11-05,Bhopal,Wheat,2387.05
2025-11-06,Bhopal,Wheat,2346.74
2025-11-07,Bhopal,Wheat,2313.76
2025-11-08,Bhopal,Wheat,2377.32
2025-11-09,Bhopal,Wheat,2389.5
2025-11-10,Bhopal,Wheat,2428.96
2025-11-11,Bhopal,Wheat,2393.39
2025-11-12,Bhopal,Wheat,2468.47
2025-11-13,Bhopal,Wheat,2490.75
2025-11-14,Bhopal,Wheat,2516.42
2025-11-15,Bhopal,Wheat,2431.0
2025-11-16,Bhopal,Wheat,2452.19
2025-11-17,Bhopal,Wheat,2428.97
2025-11-18,Bhopal,Wheat,2500.25
2025-11-19,Bhopal,Wheat,2490.36
2025-11-20,Bhopal,Wheat,2495.98
2025-11-21,Bhopal,Wheat,2523.62
2025-11-22,Bhopal,Wheat,2423.57
2025-11-23,Bhopal,Wheat,2497.85
2025-11-24,Bhopal,Wheat,2505.95
2025-11-25,Bhopal,Wheat,2453.57
2025-11-26,Bhopal,Wheat,2431.43
2025-11-27,Bhopal,Wheat,2558.8
2025-11-28,Bhopal,Wheat,2490.84
2025-11-29,Bhopal,Wheat,2513.08
2025-11-30,Bhopal,Wheat,2500.0
2025-12-01,Bhopal,Wheat,2520.26
2025-12-02,Bhopal,Wheat,2470.33
2025-12-03,Bhopal,Wheat,2512.34
2025-12-04,Bhopal,Wheat,2577.59
2025-12-05,Bhopal,Wheat,2578.36
2025-12-06,Bhopal,Wheat,2463.11
2025-12-07,Bhopal,Wheat,2530.48
2025-12-08,Bhopal,Wheat,2547.07
2025-12-09,Bhopal,Wheat,2513.88
2025-12-10,Bhopal,Wheat,2527.48
2025-12-11,Bhopal,Wheat,2495.27
2025-12-12,Bhopal,Wheat,2519.27
2025-12-13,Bhopal,Wheat,2565.8
2025-12-14,Bhopal,Wheat,2480.79
2025-12-15,Bhopal,Wheat,2528.45
2025-12-16,Bhopal,Wheat,2494.46
2025-12-17,Bhopal,Wheat,2503.33
2025-12-18,Bhopal,Wheat,2359.86
2025-12-19,Bhopal,Wheat,2565.77
2025-12-20,Bhopal,Wheat,2471.27
2025-12-21,Bhopal,Wheat,2481.02
2025-12-22,Bhopal,Wheat,2532.01
2025-12-23,Bhopal,Wheat,2533.63
2025-12-24,Bhopal,Wheat,2443.89
2025-12-25,Bhopal,Wheat,2518.88
2025-12-26,Bhopal,Wheat,2441.94
2025-12-27,Bhopal,Wheat,2516.59
2025-12-28,Bhopal,Wheat,2394.15
2025-12-29,Bhopal,Wheat,2472.23
2025-12-30,Bhopal,Wheat,2508.29
2025-12-31,Bhopal,Wheat,2422.21
2026-01-01,Bhopal,Wheat,2423.41
2026-01-02,Bhopal,Wheat,2374.75
2026-01-03,Bhopal,Wheat,2341.59
2026-01-04,Bhopal,Wheat,2457.22
2026-01-05,Bhopal,Wheat,2392.08
2026-01-06,Bhopal,Wheat,2360.61
2026-01-07,Bhopal,Wheat,2376.0
2026-01-08,Bhopal,Wheat,2355.62
2026-01-09,Bhopal,Wheat,2423.86
2026-01-10,Bhopal,Wheat,2317.57
2026-01-11,Bhopal,Wheat,2425.1
2026-01-12,Bhopal,Wheat,2336.26
2026-01-13,Bhopal,Wheat,2437.42
2026-01-14,Bhopal,Wheat,2312.81
2026-01-15,Bhopal,Wheat,2371.87
2026-01-16,Bhopal,Wheat,2390.33
2026-01-17,Bhopal,Wheat,2257.61
2026-01-18,Bhopal,Wheat,2300.64
2026-01-19,Bhopal,Wheat,2320.37
2026-01-20,Bhopal,Wheat,2263.7
2026-01-21,Bhopal,Wheat,2330.23
2026-01-22,Bhopal,Wheat,2240.89
2026-01-23,Bhopal,Wheat,2318.15
2026-01-24,Bhopal,Wheat,2271.24
2026-01-25,Bhopal,Wheat,2241.1
2026-01-26,Bhopal,Wheat,2296.5
2026-01-27,Bhopal,Wheat,2309.63
2026-01-28,Bhopal,Wheat,2308.01
2026-01-29,Bhopal,Wheat,2230.43
2026-01-30,Bhopal,Wheat,2224.55
2026-01-31,Bhopal,Wheat,2263.98
2026-02-01,Bhopal,Wheat,2137.09
2026-02-02,Bhopal,Wheat,2258.96
2026-02-03,Bhopal,Wheat,2223.55
2026-02-04,Bhopal,Wheat,2333.78
2026-02-05,Bhopal,Wheat,2241.58
2026-02-06,Bhopal,Wheat,2254.77
2026-02-07,Bhopal,Wheat,2325.87
2026-02-08,Bhopal,Wheat,2272.45
2026-02-09,Bhopal,Wheat,2274.84
2026-02-10,Bhopal,Wheat,2248.4
2026-02-11,Bhopal,Wheat,2175.2
2026-02-12,Bhopal,Wheat,2257.03
2026-02-13,Bhopal,Wheat,2233.97
2026-02-14,Bhopal,Wheat,2306.69
2026-02-15,Bhopal,Wheat,2207.46
2026-02-16,Bhopal,Wheat,2240.23
2026-02-17,Bhopal,Wheat,2312.23
2026-02-18,Bhopal,Wheat,2175.96
2026-02-19,Bhopal,Wheat,2206.88
2026-02-20,Bhopal,Wheat,2244.65
2026-02-21,Bhopal,Wheat,2294.28
2026-02-22,Bhopal,Wheat,2251.8
2026-02-23,Bhopal,Wheat,2296.17
2026-02-24,Bhopal,Wheat,2270.86
2026-02-25,Bhopal,Wheat,2349.93
2026-02-26,Bhopal,Wheat,2317.24
2026-02-27,Bhopal,Wheat,2360.0
2026-02-28,Bhopal,Wheat,2368.9
2026-03-01,Bhopal,Wheat,2408.67
2026-03-02,Bhopal,Wheat,2447.55
2026-03-03,Bhopal,Wheat,2319.9
2026-03-04,Bhopal,Wheat,2354.26
2026-03-05,Bhopal,Wheat,2370.59
2026-03-06,Bhopal,Wheat,2300.28
2026-03-07,Bhopal,Wheat,2358.35
2026-03-08,Bhopal,Wheat,2404.63
2026-03-09,Bhopal,Wheat,2302.97
2026-03-10,Bhopal,Wheat,2451.07
2026-03-11,Bhopal,Wheat,2358.9
2026-03-12,Bhopal,Wheat,2395.18
2026-03-13,Bhopal,Wheat,2447.37
2026-03-14,Bhopal,Wheat,2437.81
2026-03-15,Bhopal,Wheat,2309.65
2026-03-16,Bhopal,Wheat,2350.54
2026-03-17,Bhopal,Wheat,2428.55
2026-03-18,Bhopal,Wheat,2494.03
2026-03-19,Bhopal,Wheat,2440.32
2026-03-20,Bhopal,Wheat,2400.75
2026-03-21,Bhopal,Wheat,2504.83
2026-03-22,Bhopal,Wheat,2396.97
2026-03-23,Bhopal,Wheat,2539.05
2026-03-24,Bhopal,Wheat,2477.58
2025-06-18,Sehore,Wheat,2252.44
2025-06-19,Sehore,Wheat,2308.35
2025-06-20,Sehore,Wheat,2300.1
2025-06-21,Sehore,Wheat,2271.08
2025-06-22,Sehore,Wheat,2261.14
2025-06-23,Sehore,Wheat,2359.58
2025-06-24,Sehore,Wheat,2288.65
2025-06-25,Sehore,Wheat,2375.0
2025-06-26,Sehore,Wheat,2368.71
2025-06-27,Sehore,Wheat,2305.79
2025-06-28,Sehore,Wheat,2379.24
2025-06-29,Sehore,Wheat,2269.74
2025-06-30,Sehore,Wheat,2394.01
2025-07-01,Sehore,Wheat,2414.7
2025-07-02,Sehore,Wheat,2411.62
2025-07-03,Sehore,Wheat,2404.37
2025-07-04,Sehore,Wheat,2368.29
2025-07-05,Sehore,Wheat,2451.42
2025-07-06,Sehore,Wheat,2448.75
2025-07-07,Sehore,Wheat,2459.98
2025-07-08,Sehore,Wheat,2432.9
2025-07-09,Sehore,Wheat,2384.8
2025-07-10,Sehore,Wheat,2433.04
2025-07-11,Sehore,Wheat,2438.21
2025-07-12,Sehore,Wheat,2429.39
2025-07-13,Sehore,Wheat,2468.97
2025-07-14,Sehore,Wheat,2445.03
2025-07-15,Sehore,Wheat,2430.12
2025-07-16,Sehore,Wheat,2456.48
2025-07-17,Sehore,Wheat,2433.2
2025-07-18,Sehore,Wheat,2492.54
2025-07-19,Sehore,Wheat,2501.19
2025-07-20,Sehore,Wheat,2463.23
2025-07-21,Sehore,Wheat,2496.57
2025-07-22,Sehore,Wheat,2408.8
2025-07-23,Sehore,Wheat,2403.06
2025-07-24,Sehore,Wheat,2343.66
2025-07-25,Sehore,Wheat,2326.64
2025-07-26,Sehore,Wheat,2430.24
2025-07-27,Sehore,Wheat,2534.88
2025-07-28,Sehore,Wheat,2484.86
2025-07-29,Sehore,Wheat,2400.22
2025-07-30,Sehore,Wheat,2310.54
2025-07-31,Sehore,Wheat,2356.51
2025-08-01,Sehore,Wheat,2455.14
2025-08-02,Sehore,Wheat,2394.49
2025-08-03,Sehore,Wheat,2467.44
2025-08-04,Sehore,Wheat,2380.64
2025-08-05,Sehore,Wheat,2389.57
2025-08-06,Sehore,Wheat,2408.87
2025-08-07,Sehore,Wheat,2468.65
2025-08-08,Sehore,Wheat,2297.62
2025-08-09,Sehore,Wheat,2377.18
2025-08-10,Sehore,Wheat,2255.78
2025-08-11,Sehore,Wheat,2372.57
2025-08-12,Sehore,Wheat,2388.9
2025-08-13,Sehore,Wheat,2338.51
2025-08-14,Sehore,Wheat,2335.92
2025-08-15,Sehore,Wheat,2340.53
2025-08-16,Sehore,Wheat,2329.25
2025-08-17,Sehore,Wheat,2285.49
2025-08-18,Sehore,Wheat,2261.16
2025-08-19,Sehore,Wheat,2331.27
2025-08-20,Sehore,Wheat,2338.34
2025-08-21,Sehore,Wheat,2327.29
2025-08-22,Sehore,Wheat,2295.43
2025-08-23,Sehore,Wheat,2264.64
2025-08-24,Sehore,Wheat,2282.82
2025-08-25,Sehore,Wheat,2250.3
2025-08-26,Sehore,Wheat,2317.6
2025-08-27,Sehore,Wheat,2308.11
2025-08-28,Sehore,Wheat,2242.89
2025-08-29,Sehore,Wheat,2192.57
2025-08-30,Sehore,Wheat,2260.98
2025-08-31,Sehore,Wheat,2222.65
2025-09-01,Sehore,Wheat,2227.8
2025-09-02,Sehore,Wheat,2232.71
2025-09-03,Sehore,Wheat,2153.09
2025-09-04,Sehore,Wheat,2134.1
2025-09-05,Sehore,Wheat,2176.22
2025-09-06,Sehore,Wheat,2256.9
2025-09-07,Sehore,Wheat,2219.03
2025-09-08,Sehore,Wheat,2112.56
2025-09-09,Sehore,Wheat,2155.58
2025-09-10,Sehore,Wheat,2190.8
2025-09-11,Sehore,Wheat,2232.7
2025-09-12,Sehore,Wheat,2204.08
2025-09-13,Sehore,Wheat,2127.77
2025-09-14,Sehore,Wheat,2159.62
2025-09-15,Sehore,Wheat,2147.62
2025-09-16,Sehore,Wheat,2246.34
2025-09-17,Sehore,Wheat,2114.06
2025-09-18,Sehore,Wheat,2146.51
2025-09-19,Sehore,Wheat,2125.73
2025-09-20,Sehore,Wheat,2157.86
2025-09-21,Sehore,Wheat,2197.11
2025-09-22,Sehore,Wheat,2222.5
2025-09-23,Sehore,Wheat,2222.01
2025-09-24,Sehore,Wheat,2141.58
2025-09-25,Sehore,Wheat,2202.98
2025-09-26,Sehore,Wheat,2134.61
2025-09-27,Sehore,Wheat,2159.19
2025-09-28,Sehore,Wheat,2211.4
2025-09-29,Sehore,Wheat,2207.54
2025-09-30,Sehore,Wheat,2221.3
2025-10-01,Sehore,Wheat,2140.13
2025-10-02,Sehore,Wheat,2241.45
2025-10-03,Sehore,Wheat,2186.55
2025-10-04,Sehore,Wheat,2158.0
2025-10-05,Sehore,Wheat,2202.49
2025-10-06,Sehore,Wheat,2191.89
2025-10-07,Sehore,Wheat,2148.68
2025-10-08,Sehore,Wheat,2119.15
2025-10-09,Sehore,Wheat,2245.46
2025-10-10,Sehore,Wheat,2285.99
2025-10-11,Sehore,Wheat,2190.42
2025-10-12,Sehore,Wheat,2218.03
2025-10-13,Sehore,Wheat,2164.4
2025-10-14,Sehore,Wheat,2187.33
2025-10-15,Sehore,Wheat,2292.7
2025-10-16,Sehore,Wheat,2249.18
2025-10-17,Sehore,Wheat,2341.65
2025-10-18,Sehore,Wheat,2243.1
2025-10-19,Sehore,Wheat,2351.57
2025-10-20,Sehore,Wheat,2345.85
2025-10-21,Sehore,Wheat,2321.65
2025-10-22,Sehore,Wheat,2371.53
2025-10-23,Sehore,Wheat,2227.92
2025-10-24,Sehore,Wheat,2339.46
2025-10-25,Sehore,Wheat,2385.25
2025-10-26,Sehore,Wheat,2339.94
2025-10-27,Sehore,Wheat,2338.77
2025-10-28,Sehore,Wheat,2354.4
2025-10-29,Sehore,Wheat,2373.35
2025-10-30,Sehore,Wheat,2336.2
2025-10-31,Sehore,Wheat,2387.58
2025-11-01,Sehore,Wheat,2427.64
2025-11-02,Sehore,Wheat,2455.53
2025-11-03,Sehore,Wheat,2361.22
2025-11-04,Sehore,Wheat,2381.38
2025-11-05,Sehore,Wheat,2369.3
2025-11-06,Sehore,Wheat,2439.93
2025-11-07,Sehore,Wheat,2535.49
2025-11-08,Sehore,Wheat,2416.53
2025-11-09,Sehore,Wheat,2419.44
2025-11-10,Sehore,Wheat,2443.97
2025-11-11,Sehore,Wheat,2442.81
2025-11-12,Sehore,Wheat,2451.22
2025-11-13,Sehore,Wheat,2466.3
2025-11-14,Sehore,Wheat,2411.4
2025-11-15,Sehore,Wheat,2490.23
2025-11-16,Sehore,Wheat,2526.44
2025-11-17,Sehore,Wheat,2499.27
2025-11-18,Sehore,Wheat,2577.74
2025-11-19,Sehore,Wheat,2542.15
2025-11-20,Sehore,Wheat,2435.14
2025-11-21,Sehore,Wheat,2540.04
2025-11-22,Sehore,Wheat,2540.37
2025-11-23,Sehore,Wheat,2530.55
2025-11-24,Sehore,Wheat,2594.77
2025-11-25,Sehore,Wheat,2558.15
2025-11-26,Sehore,Wheat,2543.51
2025-11-27,Sehore,Wheat,2587.26
2025-11-28,Sehore,Wheat,2509.21
2025-11-29,Sehore,Wheat,2561.2
2025-11-30,Sehore,Wheat,2600.46
2025-12-01,Sehore,Wheat,2520.59
2025-12-02,Sehore,Wheat,2498.23
2025-12-03,Sehore,Wheat,2505.84
2025-12-04,Sehore,Wheat,2563.56
2025-12-05,Sehore,Wheat,2648.42
2025-12-06,Sehore,Wheat,2558.15
2025-12-07,Sehore,Wheat,2679.62
2025-12-08,Sehore,Wheat,2612.29
2025-12-09,Sehore,Wheat,2571.29
2025-12-10,Sehore,Wheat,2497.13
2025-12-11,Sehore,Wheat,2582.73
2025-12-12,Sehore,Wheat,2588.84
2025-12-13,Sehore,Wheat,2474.39
2025-12-14,Sehore,Wheat,2613.75
2025-12-15,Sehore,Wheat,2513.66
2025-12-16,Sehore,Wheat,2525.11
2025-12-17,Sehore,Wheat,2590.93
2025-12-18,Sehore,Wheat,2574.04
2025-12-19,Sehore,Wheat,2585.77
2025-12-20,Sehore,Wheat,2510.98
2025-12-21,Sehore,Wheat,2549.25
2025-12-22,Sehore,Wheat,2493.21
2025-12-23,Sehore,Wheat,2517.66
2025-12-24,Sehore,Wheat,2492.14
2025-12-25,Sehore,Wheat,2453.27
2025-12-26,Sehore,Wheat,2539.36
2025-12-27,Sehore,Wheat,2447.76
2025-12-28,Sehore,Wheat,2464.63
2025-12-29,Sehore,Wheat,2472.67
2025-12-30,Sehore,Wheat,2445.77
2025-12-31,Sehore,Wheat,2419.71
2026-01-01,Sehore,Wheat,2483.3
2026-01-02,Sehore,Wheat,2475.01
2026-01-03,Sehore,Wheat,2500.97
2026-01-04,Sehore,Wheat,2445.44
2026-01-05,Sehore,Wheat,2473.75
2026-01-06,Sehore,Wheat,2528.58
2026-01-07,Sehore,Wheat,2401.17
2026-01-08,Sehore,Wheat,2476.89
2026-01-09,Sehore,Wheat,2387.52
2026-01-10,Sehore,Wheat,2396.32
2026-01-11,Sehore,Wheat,2426.15
2026-01-12,Sehore,Wheat,2343.75
2026-01-13,Sehore,Wheat,2376.4
2026-01-14,Sehore,Wheat,2329.25
2026-01-15,Sehore,Wheat,2382.87
2026-01-16,Sehore,Wheat,2350.21
2026-01-17,Sehore,Wheat,2396.33
2026-01-18,Sehore,Wheat,2300.69
2026-01-19,Sehore,Wheat,2331.13
2026-01-20,Sehore,Wheat,2357.18
2026-01-21,Sehore,Wheat,2342.66
2026-01-22,Sehore,Wheat,2359.78
2026-01-23,Sehore,Wheat,2304.11
2026-01-24,Sehore,Wheat,2304.19
2026-01-25,Sehore,Wheat,2322.94
2026-01-26,Sehore,Wheat,2238.97
2026-01-27,Sehore,Wheat,2332.2
2026-01-28,Sehore,Wheat,2281.36
2026-01-29,Sehore,Wheat,2248.13
2026-01-30,Sehore,Wheat,2453.03
2026-01-31,Sehore,Wheat,2388.82
2026-02-01,Sehore,Wheat,2351.19
2026-02-02,Sehore,Wheat,2343.0
2026-02-03,Sehore,Wheat,2378.65
2026-02-04,Sehore,Wheat,2260.2
2026-02-05,Sehore,Wheat,2251.58
2026-02-06,Sehore,Wheat,2241.21
2026-02-07,Sehore,Wheat,2290.85
2026-02-08,Sehore,Wheat,2262.24
2026-02-09,Sehore,Wheat,2309.8
2026-02-10,Sehore,Wheat,2278.14
2026-02-11,Sehore,Wheat,2263.71
2026-02-12,Sehore,Wheat,2210.73
2026-02-13,Sehore,Wheat,2354.49
2026-02-14,Sehore,Wheat,2286.86
2026-02-15,Sehore,Wheat,2335.04
2026-02-16,Sehore,Wheat,2280.98
2026-02-17,Sehore,Wheat,2363.71
2026-02-18,Sehore,Wheat,2273.51
2026-02-19,Sehore,Wheat,2300.23
2026-02-20,Sehore,Wheat,2322.79
2026-02-21,Sehore,Wheat,2406.73
2026-02-22,Sehore,Wheat,2410.45
2026-02-23,Sehore,Wheat,2305.19
2026-02-24,Sehore,Wheat,2366.91
2026-02-25,Sehore,Wheat,2325.46
2026-02-26,Sehore,Wheat,2365.23
2026-02-27,Sehore,Wheat,2305.87
2026-02-28,Sehore,Wheat,2377.69
2026-03-01,Sehore,Wheat,2349.18
2026-03-02,Sehore,Wheat,2359.73
2026-03-03,Sehore,Wheat,2382.01
2026-03-04,Sehore,Wheat,2411.29
2026-03-05,Sehore,Wheat,2377.11
2026-03-06,Sehore,Wheat,2381.08
2026-03-07,Sehore,Wheat,2401.63
2026-03-08,Sehore,Wheat,2417.98
2026-03-09,Sehore,Wheat,2461.6
2026-03-10,Sehore,Wheat,2493.23
2026-03-11,Sehore,Wheat,2453.66
2026-03-12,Sehore,Wheat,2413.53
2026-03-13,Sehore,Wheat,2462.39
2026-03-14,Sehore,Wheat,2496.2
2026-03-15,Sehore,Wheat,2533.39
2026-03-16,Sehore,Wheat,2573.84
2026-03-17,Sehore,Wheat,2524.83
2026-03-18,Sehore,Wheat,2555.07
2026-03-19,Sehore,Wheat,2432.25
2026-03-20,Sehore,Wheat,2429.69
2026-03-21,Sehore,Wheat,2532.64
2026-03-22,Sehore,Wheat,2518.04
2026-03-23,Sehore,Wheat,2485.49
2026-03-24,Sehore,Wheat,2584.45
2025-06-18,Ashta,Wheat,2154.17
2025-06-19,Ashta,Wheat,2209.87
2025-06-20,Ashta,Wheat,2260.79
2025-06-21,Ashta,Wheat,2216.22
2025-06-22,Ashta,Wheat,2312.51
2025-06-23,Ashta,Wheat,2318.74
2025-06-24,Ashta,Wheat,2339.37
2025-06-25,Ashta,Wheat,2274.04
2025-06-26,Ashta,Wheat,2235.06
2025-06-27,Ashta,Wheat,2319.04
2025-06-28,Ashta,Wheat,2289.74
2025-06-29,Ashta,Wheat,2274.38
2025-06-30,Ashta,Wheat,2256.02
2025-07-01,Ashta,Wheat,2220.56
2025-07-02,Ashta,Wheat,2400.52
2025-07-03,Ashta,Wheat,2197.65
2025-07-04,Ashta,Wheat,2291.46
2025-07-05,Ashta,Wheat,2378.03
2025-07-06,Ashta,Wheat,2364.77
2025-07-07,Ashta,Wheat,2294.5
2025-07-08,Ashta,Wheat,2276.61
2025-07-09,Ashta,Wheat,2243.7
2025-07-10,Ashta,Wheat,2346.24
2025-07-11,Ashta,Wheat,2317.34
2025-07-12,Ashta,Wheat,2332.52
2025-07-13,Ashta,Wheat,2271.65
2025-07-14,Ashta,Wheat,2448.77
2025-07-15,Ashta,Wheat,2316.09
2025-07-16,Ashta,Wheat,2404.29
2025-07-17,Ashta,Wheat,2312.77
2025-07-18,Ashta,Wheat,2292.7
2025-07-19,Ashta,Wheat,2337.57
2025-07-20,Ashta,Wheat,2316.07
2025-07-21,Ashta,Wheat,2377.24
2025-07-22,Ashta,Wheat,2352.68
2025-07-23,Ashta,Wheat,2463.74
2025-07-24,Ashta,Wheat,2315.38
2025-07-25,Ashta,Wheat,2335.25
2025-07-26,Ashta,Wheat,2383.13
2025-07-27,Ashta,Wheat,2241.84
2025-07-28,Ashta,Wheat,2359.03
2025-07-29,Ashta,Wheat,2299.3
2025-07-30,Ashta,Wheat,2306.82
2025-07-31,Ashta,Wheat,2224.41
2025-08-01,Ashta,Wheat,2290.29
2025-08-02,Ashta,Wheat,2354.6
2025-08-03,Ashta,Wheat,2324.04
2025-08-04,Ashta,Wheat,2291.95
2025-08-05,Ashta,Wheat,2298.11
2025-08-06,Ashta,Wheat,2282.23
2025-08-07,Ashta,Wheat,2424.4
2025-08-08,Ashta,Wheat,2310.15
2025-08-09,Ashta,Wheat,2245.51
2025-08-10,Ashta,Wheat,2310.94
2025-08-11,Ashta,Wheat,2376.45
2025-08-12,Ashta,Wheat,2367.25
2025-08-13,Ashta,Wheat,2305.4
2025-08-14,Ashta,Wheat,2327.11
2025-08-15,Ashta,Wheat,2268.21
2025-08-16,Ashta,Wheat,2232.91
2025-08-17,Ashta,Wheat,2210.11
2025-08-18,Ashta,Wheat,2303.93
2025-08-19,Ashta,Wheat,2229.36
2025-08-20,Ashta,Wheat,2207.89
2025-08-21,Ashta,Wheat,2190.73
2025-08-22,Ashta,Wheat,2204.95
2025-08-23,Ashta,Wheat,2148.37
2025-08-24,Ashta,Wheat,2222.41
2025-08-25,Ashta,Wheat,2240.26
2025-08-26,Ashta,Wheat,2114.75
2025-08-27,Ashta,Wheat,2258.43
2025-08-28,Ashta,Wheat,2186.46
2025-08-29,Ashta,Wheat,2142.04
2025-08-30,Ashta,Wheat,2174.71
2025-08-31,Ashta,Wheat,2242.39
2025-09-01,Ashta,Wheat,2196.4
2025-09-02,Ashta,Wheat,2043.06
2025-09-03,Ashta,Wheat,2098.69
2025-09-04,Ashta,Wheat,2131.55
2025-09-05,Ashta,Wheat,2089.49
2025-09-06,Ashta,Wheat,2100.53
2025-09-07,Ashta,Wheat,2154.79
2025-09-08,Ashta,Wheat,2170.25
2025-09-09,Ashta,Wheat,2215.81
2025-09-10,Ashta,Wheat,2119.17
2025-09-11,Ashta,Wheat,2118.02
2025-09-12,Ashta,Wheat,2049.43
2025-09-13,Ashta,Wheat,2178.69
2025-09-14,Ashta,Wheat,2148.13
2025-09-15,Ashta,Wheat,2090.99
2025-09-16,Ashta,Wheat,2093.06
2025-09-17,Ashta,Wheat,2092.62
2025-09-18,Ashta,Wheat,2179.82
2025-09-19,Ashta,Wheat,2118.52
2025-09-20,Ashta,Wheat,2183.58
2025-09-21,Ashta,Wheat,2094.38
2025-09-22,Ashta,Wheat,2113.36
2025-09-23,Ashta,Wheat,2029.85
2025-09-24,Ashta,Wheat,2067.9
2025-09-25,Ashta,Wheat,2110.39
2025-09-26,Ashta,Wheat,2146.26
2025-09-27,Ashta,Wheat,2130.27
2025-09-28,Ashta,Wheat,2134.9
2025-09-29,Ashta,Wheat,2087.62
2025-09-30,Ashta,Wheat,2129.67
2025-10-01,Ashta,Wheat,2116.37
2025-10-02,Ashta,Wheat,2080.92
2025-10-03,Ashta,Wheat,2056.02
2025-10-04,Ashta,Wheat,2188.53
2025-10-05,Ashta,Wheat,2132.42
2025-10-06,Ashta,Wheat,2056.83
2025-10-07,Ashta,Wheat,2187.21
2025-10-08,Ashta,Wheat,2139.76
2025-10-09,Ashta,Wheat,2215.04
2025-10-10,Ashta,Wheat,2121.89
2025-10-11,Ashta,Wheat,2135.06
2025-10-12,Ashta,Wheat,2159.99
2025-10-13,Ashta,Wheat,2110.62
2025-10-14,Ashta,Wheat,2250.91
2025-10-15,Ashta,Wheat,2177.91
2025-10-16,Ashta,Wheat,2257.9
2025-10-17,Ashta,Wheat,2145.63
2025-10-18,Ashta,Wheat,2213.31
2025-10-19,Ashta,Wheat,2167.35
2025-10-20,Ashta,Wheat,2202.39
2025-10-21,Ashta,Wheat,2158.76
2025-10-22,Ashta,Wheat,2186.46
2025-10-23,Ashta,Wheat,2294.63
2025-10-24,Ashta,Wheat,2248.13
2025-10-25,Ashta,Wheat,2230.12
2025-10-26,Ashta,Wheat,2232.17
2025-10-27,Ashta,Wheat,2260.16
2025-10-28,Ashta,Wheat,2303.13
2025-10-29,Ashta,Wheat,2308.42
2025-10-30,Ashta,Wheat,2297.6
2025-10-31,Ashta,Wheat,2328.59
2025-11-01,Ashta,Wheat,2355.91
2025-11-02,Ashta,Wheat,2331.52
2025-11-03,Ashta,Wheat,2326.59
2025-11-04,Ashta,Wheat,2341.67
2025-11-05,Ashta,Wheat,2383.39
2025-11-06,Ashta,Wheat,2332.29
2025-11-07,Ashta,Wheat,2401.04
2025-11-08,Ashta,Wheat,2300.0
2025-11-09,Ashta,Wheat,2461.85
2025-11-10,Ashta,Wheat,2390.33
2025-11-11,Ashta,Wheat,2384.87
2025-11-12,Ashta,Wheat,2397.68
2025-11-13,Ashta,Wheat,2452.89
2025-11-14,Ashta,Wheat,2460.36
2025-11-15,Ashta,Wheat,2485.92
2025-11-16,Ashta,Wheat,2436.89
2025-11-17,Ashta,Wheat,2454.33
2025-11-18,Ashta,Wheat,2356.64
2025-11-19,Ashta,Wheat,2457.51
2025-11-20,Ashta,Wheat,2445.12
2025-11-21,Ashta,Wheat,2512.06
2025-11-22,Ashta,Wheat,2432.22
2025-11-23,Ashta,Wheat,2518.75
2025-11-24,Ashta,Wheat,2481.88
2025-11-25,Ashta,Wheat,2431.97
2025-11-26,Ashta,Wheat,2467.09
2025-11-27,Ashta,Wheat,2569.77
2025-11-28,Ashta,Wheat,2544.2
2025-11-29,Ashta,Wheat,2557.09
2025-11-30,Ashta,Wheat,2533.62
2025-12-01,Ashta,Wheat,2437.34
2025-12-02,Ashta,Wheat,2413.57
2025-12-03,Ashta,Wheat,2449.88
2025-12-04,Ashta,Wheat,2491.15
2025-12-05,Ashta,Wheat,2454.93
2025-12-06,Ashta,Wheat,2545.52
2025-12-07,Ashta,Wheat,2537.0
2025-12-08,Ashta,Wheat,2483.65
2025-12-09,Ashta,Wheat,2505.0
2025-12-10,Ashta,Wheat,2494.97
2025-12-11,Ashta,Wheat,2422.36
2025-12-12,Ashta,Wheat,2468.3
2025-12-13,Ashta,Wheat,2508.29
2025-12-14,Ashta,Wheat,2568.46
2025-12-15,Ashta,Wheat,2438.51
2025-12-16,Ashta,Wheat,2489.0
2025-12-17,Ashta,Wheat,2470.08
2025-12-18,Ashta,Wheat,2491.16
2025-12-19,Ashta,Wheat,2444.77
2025-12-20,Ashta,Wheat,2442.33
2025-12-21,Ashta,Wheat,2374.02
2025-12-22,Ashta,Wheat,2386.34
2025-12-23,Ashta,Wheat,2426.71
2025-12-24,Ashta,Wheat,2348.24
2025-12-25,Ashta,Wheat,2476.06
2025-12-26,Ashta,Wheat,2403.65
2025-12-27,Ashta,Wheat,2486.38
2025-12-28,Ashta,Wheat,2417.06
2025-12-29,Ashta,Wheat,2432.37
2025-12-30,Ashta,Wheat,2372.64
2025-12-31,Ashta,Wheat,2350.64
2026-01-01,Ashta,Wheat,2368.15
2026-01-02,Ashta,Wheat,2382.43
2026-01-03,Ashta,Wheat,2323.09
2026-01-04,Ashta,Wheat,2346.19
2026-01-05,Ashta,Wheat,2421.42
2026-01-06,Ashta,Wheat,2437.97
2026-01-07,Ashta,Wheat,2380.64
2026-01-08,Ashta,Wheat,2418.45
2026-01-09,Ashta,Wheat,2354.94
2026-01-10,Ashta,Wheat,2371.79
2026-01-11,Ashta,Wheat,2300.1
2026-01-12,Ashta,Wheat,2332.54
2026-01-13,Ashta,Wheat,2279.52
2026-01-14,Ashta,Wheat,2468.69
2026-01-15,Ashta,Wheat,2283.17
2026-01-16,Ashta,Wheat,2280.83
2026-01-17,Ashta,Wheat,2268.21
2026-01-18,Ashta,Wheat,2213.81
2026-01-19,Ashta,Wheat,2295.49
2026-01-20,Ashta,Wheat,2280.28
2026-01-21,Ashta,Wheat,2291.04
2026-01-22,Ashta,Wheat,2218.2
2026-01-23,Ashta,Wheat,2238.8
2026-01-24,Ashta,Wheat,2239.76
2026-01-25,Ashta,Wheat,2285.11
2026-01-26,Ashta,Wheat,2243.99
2026-01-27,Ashta,Wheat,2191.14
2026-01-28,Ashta,Wheat,2257.66
2026-01-29,Ashta,Wheat,2201.65
2026-01-30,Ashta,Wheat,2235.18
2026-01-31,Ashta,Wheat,2224.11
2026-02-01,Ashta,Wheat,2179.39
2026-02-02,Ashta,Wheat,2317.08
2026-02-03,Ashta,Wheat,2161.43
2026-02-04,Ashta,Wheat,2100.09
2026-02-05,Ashta,Wheat,2267.28
2026-02-06,Ashta,Wheat,2193.82
2026-02-07,Ashta,Wheat,2273.09
2026-02-08,Ashta,Wheat,2167.44
2026-02-09,Ashta,Wheat,2149.27
2026-02-10,Ashta,Wheat,2174.5
2026-02-11,Ashta,Wheat,2228.17
2026-02-12,Ashta,Wheat,2315.93
2026-02-13,Ashta,Wheat,2213.03
2026-02-14,Ashta,Wheat,2194.28
2026-02-15,Ashta,Wheat,2200.25
2026-02-16,Ashta,Wheat,2204.82
2026-02-17,Ashta,Wheat,2225.32
2026-02-18,Ashta,Wheat,2202.05
2026-02-19,Ashta,Wheat,2214.51
2026-02-20,Ashta,Wheat,2268.36
2026-02-21,Ashta,Wheat,2278.99
2026-02-22,Ashta,Wheat,2254.66
2026-02-23,Ashta,Wheat,2249.91
2026-02-24,Ashta,Wheat,2294.25
2026-02-25,Ashta,Wheat,2258.63
2026-02-26,Ashta,Wheat,2338.18
2026-02-27,Ashta,Wheat,2279.37
2026-02-28,Ashta,Wheat,2274.23
2026-03-01,Ashta,Wheat,2312.04
2026-03-02,Ashta,Wheat,2208.51
2026-03-03,Ashta,Wheat,2162.17
2026-03-04,Ashta,Wheat,2348.63
2026-03-05,Ashta,Wheat,2270.25
2026-03-06,Ashta,Wheat,2379.5
2026-03-07,Ashta,Wheat,2341.68
2026-03-08,Ashta,Wheat,2401.03
2026-03-09,Ashta,Wheat,2422.51
2026-03-10,Ashta,Wheat,2472.1
2026-03-11,Ashta,Wheat,2382.77
2026-03-12,Ashta,Wheat,2423.34
2026-03-13,Ashta,Wheat,2429.1
2026-03-14,Ashta,Wheat,2467.61
2026-03-15,Ashta,Wheat,2495.65
2026-03-16,Ashta,Wheat,2385.32
2026-03-17,Ashta,Wheat,2420.67
2026-03-18,Ashta,Wheat,2404.76
2026-03-19,Ashta,Wheat,2395.79
2026-03-20,Ashta,Wheat,2428.19
2026-03-21,Ashta,Wheat,2414.74
2026-03-22,Ashta,Wheat,2380.19
2026-03-23,Ashta,Wheat,2465.88
2026-03-24,Ashta,Wheat,2478.35
2025-06-18,Bhopal,Soybean,5074.49
2025-06-19,Bhopal,Soybean,5105.94
2025-06-20,Bhopal,Soybean,5081.19
2025-06-21,Bhopal,Soybean,5101.99
2025-06-22,Bhopal,Soybean,4983.76
2025-06-23,Bhopal,Soybean,5037.29
2025-06-24,Bhopal,Soybean,4977.97
2025-06-25,Bhopal,Soybean,5097.01
2025-06-26,Bhopal,Soybean,5105.41
2025-06-27,Bhopal,Soybean,5087.15
2025-06-28,Bhopal,Soybean,5133.68
2025-06-29,Bhopal,Soybean,5078.28
2025-06-30,Bhopal,Soybean,5075.29
2025-07-01,Bhopal,Soybean,5137.6
2025-07-02,Bhopal,Soybean,5122.38
2025-07-03,Bhopal,Soybean,5170.48
2025-07-04,Bhopal,Soybean,5065.68
2025-07-05,Bhopal,Soybean,5095.62
2025-07-06,Bhopal,Soybean,5151.86
2025-07-07,Bhopal,Soybean,5129.13
2025-07-08,Bhopal,Soybean,5102.25
2025-07-09,Bhopal,Soybean,5079.59
2025-07-10,Bhopal,Soybean,5079.32
2025-07-11,Bhopal,Soybean,5117.95
2025-07-12,Bhopal,Soybean,5111.81
2025-07-13,Bhopal,Soybean,5149.44
2025-07-14,Bhopal,Soybean,5160.77
2025-07-15,Bhopal,Soybean,5109.01
2025-07-16,Bhopal,Soybean,5078.98
2025-07-17,Bhopal,Soybean,5153.13
2025-07-18,Bhopal,Soybean,5054.08
2025-07-19,Bhopal,Soybean,5101.26
2025-07-20,Bhopal,Soybean,5035.88
2025-07-21,Bhopal,Soybean,5029.33
2025-07-22,Bhopal,Soybean,5065.33
2025-07-23,Bhopal,Soybean,5132.76
2025-07-24,Bhopal,Soybean,5126.81
2025-07-25,Bhopal,Soybean,5014.63
2025-07-26,Bhopal,Soybean,5076.21
2025-07-27,Bhopal,Soybean,5062.8
2025-07-28,Bhopal,Soybean,5030.4
2025-07-29,Bhopal,Soybean,5025.55
2025-07-30,Bhopal,Soybean,4974.77
2025-07-31,Bhopal,Soybean,5141.05
2025-08-01,Bhopal,Soybean,4970.95
2025-08-02,Bhopal,Soybean,4947.21
2025-08-03,Bhopal,Soybean,4987.25
2025-08-04,Bhopal,Soybean,4941.4
2025-08-05,Bhopal,Soybean,5047.82
2025-08-06,Bhopal,Soybean,4907.61
2025-08-07,Bhopal,Soybean,4956.95
2025-08-08,Bhopal,Soybean,4914.84
2025-08-09,Bhopal,Soybean,4891.52
2025-08-10,Bhopal,Soybean,4944.11
2025-08-11,Bhopal,Soybean,4935.54
2025-08-12,Bhopal,Soybean,4916.36
2025-08-13,Bhopal,Soybean,4894.26
2025-08-14,Bhopal,Soybean,4830.52
2025-08-15,Bhopal,Soybean,4882.57
2025-08-16,Bhopal,Soybean,4885.21
2025-08-17,Bhopal,Soybean,4930.89
2025-08-18,Bhopal,Soybean,4914.59
2025-08-19,Bhopal,Soybean,4907.53
2025-08-20,Bhopal,Soybean,4896.8
2025-08-21,Bhopal,Soybean,4805.58
2025-08-22,Bhopal,Soybean,4870.26
2025-08-23,Bhopal,Soybean,4813.95
2025-08-24,Bhopal,Soybean,4937.0
2025-08-25,Bhopal,Soybean,4819.72
2025-08-26,Bhopal,Soybean,4799.01
2025-08-27,Bhopal,Soybean,4766.82
2025-08-28,Bhopal,Soybean,4830.28
2025-08-29,Bhopal,Soybean,4786.24
2025-08-30,Bhopal,Soybean,4827.52
2025-08-31,Bhopal,Soybean,4817.49
2025-09-01,Bhopal,Soybean,4806.36
2025-09-02,Bhopal,Soybean,4845.24
2025-09-03,Bhopal,Soybean,4683.0
2025-09-04,Bhopal,Soybean,4787.57
2025-09-05,Bhopal,Soybean,4776.8
2025-09-06,Bhopal,Soybean,4695.01
2025-09-07,Bhopal,Soybean,4735.82
2025-09-08,Bhopal,Soybean,4706.05
2025-09-09,Bhopal,Soybean,4690.42
2025-09-10,Bhopal,Soybean,4724.11
2025-09-11,Bhopal,Soybean,4747.82
2025-09-12,Bhopal,Soybean,4827.48
2025-09-13,Bhopal,Soybean,4757.06
2025-09-14,Bhopal,Soybean,4795.64
2025-09-15,Bhopal,Soybean,4914.3
2025-09-16,Bhopal,Soybean,4780.56
2025-09-17,Bhopal,Soybean,4747.46
2025-09-18,Bhopal,Soybean,4722.15
2025-09-19,Bhopal,Soybean,4778.81
2025-09-20,Bhopal,Soybean,4735.91
2025-09-21,Bhopal,Soybean,4756.08
2025-09-22,Bhopal,Soybean,4791.56
2025-09-23,Bhopal,Soybean,4818.08
2025-09-24,Bhopal,Soybean,4795.22
2025-09-25,Bhopal,Soybean,4788.72
2025-09-26,Bhopal,Soybean,4775.88
2025-09-27,Bhopal,Soybean,4734.78
2025-09-28,Bhopal,Soybean,4801.27
2025-09-29,Bhopal,Soybean,4802.34
2025-09-30,Bhopal,Soybean,4895.66
2025-10-01,Bhopal,Soybean,4909.49
2025-10-02,Bhopal,Soybean,4858.11
2025-10-03,Bhopal,Soybean,4883.41
2025-10-04,Bhopal,Soybean,4837.05
2025-10-05,Bhopal,Soybean,4850.13
2025-10-06,Bhopal,Soybean,4989.24
2025-10-07,Bhopal,Soybean,4928.93
2025-10-08,Bhopal,Soybean,4921.58
2025-10-09,Bhopal,Soybean,4981.14
2025-10-10,Bhopal,Soybean,4875.67
2025-10-11,Bhopal,Soybean,4946.69
2025-10-12,Bhopal,Soybean,4899.99
2025-10-13,Bhopal,Soybean,4959.0
2025-10-14,Bhopal,Soybean,5012.88
2025-10-15,Bhopal,Soybean,5040.96
2025-10-16,Bhopal,Soybean,4975.6
2025-10-17,Bhopal,Soybean,5057.29
2025-10-18,Bhopal,Soybean,5022.27
2025-10-19,Bhopal,Soybean,4989.99
2025-10-20,Bhopal,Soybean,5027.05
2025-10-21,Bhopal,Soybean,5067.26
2025-10-22,Bhopal,Soybean,5081.28
2025-10-23,Bhopal,Soybean,5080.29
2025-10-24,Bhopal,Soybean,5093.99
2025-10-25,Bhopal,Soybean,5035.88
2025-10-26,Bhopal,Soybean,5018.77
2025-10-27,Bhopal,Soybean,5041.0
2025-10-28,Bhopal,Soybean,5149.92
2025-10-29,Bhopal,Soybean,5126.24
2025-10-30,Bhopal,Soybean,5164.24
2025-10-31,Bhopal,Soybean,5159.05
2025-11-01,Bhopal,Soybean,5135.59
2025-11-02,Bhopal,Soybean,5211.42
2025-11-03,Bhopal,Soybean,5180.14
2025-11-04,Bhopal,Soybean,5129.46
2025-11-05,Bhopal,Soybean,5256.97
2025-11-06,Bhopal,Soybean,5200.19
2025-11-07,Bhopal,Soybean,5212.47
2025-11-08,Bhopal,Soybean,5172.38
2025-11-09,Bhopal,Soybean,5253.51
2025-11-10,Bhopal,Soybean,5195.79
2025-11-11,Bhopal,Soybean,5173.26
2025-11-12,Bhopal,Soybean,5222.67
2025-11-13,Bhopal,Soybean,5214.4
2025-11-14,Bhopal,Soybean,5262.85
2025-11-15,Bhopal,Soybean,5275.63
2025-11-16,Bhopal,Soybean,5220.9
2025-11-17,Bhopal,Soybean,5176.24
2025-11-18,Bhopal,Soybean,5295.28
2025-11-19,Bhopal,Soybean,5303.99
2025-11-20,Bhopal,Soybean,5269.11
2025-11-21,Bhopal,Soybean,5191.13
2025-11-22,Bhopal,Soybean,5229.83
2025-11-23,Bhopal,Soybean,5192.42
2025-11-24,Bhopal,Soybean,5323.14
2025-11-25,Bhopal,Soybean,5258.67
2025-11-26,Bhopal,Soybean,5288.76
2025-11-27,Bhopal,Soybean,5259.56
2025-11-28,Bhopal,Soybean,5272.59
2025-11-29,Bhopal,Soybean,5263.19
2025-11-30,Bhopal,Soybean,5292.76
2025-12-01,Bhopal,Soybean,5174.87
2025-12-02,Bhopal,Soybean,5237.98
2025-12-03,Bhopal,Soybean,5207.14
2025-12-04,Bhopal,Soybean,5268.14
2025-12-05,Bhopal,Soybean,5177.79
2025-12-06,Bhopal,Soybean,5213.08
2025-12-07,Bhopal,Soybean,5204.4
2025-12-08,Bhopal,Soybean,5194.81
2025-12-09,Bhopal,Soybean,5164.38
2025-12-10,Bhopal,Soybean,5167.7
2025-12-11,Bhopal,Soybean,5195.99
2025-12-12,Bhopal,Soybean,5130.66
2025-12-13,Bhopal,Soybean,5119.73
2025-12-14,Bhopal,Soybean,5183.38
2025-12-15,Bhopal,Soybean,5190.7
2025-12-16,Bhopal,Soybean,5176.7
2025-12-17,Bhopal,Soybean,5052.97
2025-12-18,Bhopal,Soybean,5269.92
2025-12-19,Bhopal,Soybean,5106.8
2025-12-20,Bhopal,Soybean,5026.07
2025-12-21,Bhopal,Soybean,5040.59
2025-12-22,Bhopal,Soybean,5137.35
2025-12-23,Bhopal,Soybean,5024.1
2025-12-24,Bhopal,Soybean,5115.42
2025-12-25,Bhopal,Soybean,5060.53
2025-12-26,Bhopal,Soybean,5081.78
2025-12-27,Bhopal,Soybean,5124.91
2025-12-28,Bhopal,Soybean,5090.73
2025-12-29,Bhopal,Soybean,5102.96
2025-12-30,Bhopal,Soybean,4998.15
2025-12-31,Bhopal,Soybean,5040.66
2026-01-01,Bhopal,Soybean,4990.19
2026-01-02,Bhopal,Soybean,5048.64
2026-01-03,Bhopal,Soybean,4920.47
2026-01-04,Bhopal,Soybean,5008.69
2026-01-05,Bhopal,Soybean,5016.45
2026-01-06,Bhopal,Soybean,5014.37
2026-01-07,Bhopal,Soybean,5066.59
2026-01-08,Bhopal,Soybean,4930.27
2026-01-09,Bhopal,Soybean,5027.12
2026-01-10,Bhopal,Soybean,4953.83
2026-01-11,Bhopal,Soybean,4936.83
2026-01-12,Bhopal,Soybean,4993.34
2026-01-13,Bhopal,Soybean,4966.15
2026-01-14,Bhopal,Soybean,4902.27
2026-01-15,Bhopal,Soybean,4926.9
2026-01-16,Bhopal,Soybean,4911.08
2026-01-17,Bhopal,Soybean,4824.6
2026-01-18,Bhopal,Soybean,4946.38
2026-01-19,Bhopal,Soybean,5082.96
2026-01-20,Bhopal,Soybean,4892.0
2026-01-21,Bhopal,Soybean,4938.4
2026-01-22,Bhopal,Soybean,4833.2
2026-01-23,Bhopal,Soybean,4830.22
2026-01-24,Bhopal,Soybean,4806.41
2026-01-25,Bhopal,Soybean,4863.94
2026-01-26,Bhopal,Soybean,4893.5
2026-01-27,Bhopal,Soybean,4983.4
2026-01-28,Bhopal,Soybean,4788.53
2026-01-29,Bhopal,Soybean,4860.14
2026-01-30,Bhopal,Soybean,4946.69
2026-01-31,Bhopal,Soybean,4944.5
2026-02-01,Bhopal,Soybean,4816.97
2026-02-02,Bhopal,Soybean,4921.77
2026-02-03,Bhopal,Soybean,4903.25
2026-02-04,Bhopal,Soybean,4907.0
2026-02-05,Bhopal,Soybean,4945.41
2026-02-06,Bhopal,Soybean,4910.69
2026-02-07,Bhopal,Soybean,4908.73
2026-02-08,Bhopal,Soybean,4904.38
2026-02-09,Bhopal,Soybean,4897.63
2026-02-10,Bhopal,Soybean,4965.09
2026-02-11,Bhopal,Soybean,5011.04
2026-02-12,Bhopal,Soybean,4986.76
2026-02-13,Bhopal,Soybean,5003.85
2026-02-14,Bhopal,Soybean,4946.51
2026-02-15,Bhopal,Soybean,5042.16
2026-02-16,Bhopal,Soybean,5011.6
2026-02-17,Bhopal,Soybean,4982.2
2026-02-18,Bhopal,Soybean,4971.74
2026-02-19,Bhopal,Soybean,5025.37
2026-02-20,Bhopal,Soybean,5037.92
2026-02-21,Bhopal,Soybean,5022.53
2026-02-22,Bhopal,Soybean,4904.97
2026-02-23,Bhopal,Soybean,5110.81
2026-02-24,Bhopal,Soybean,5065.31
2026-02-25,Bhopal,Soybean,4988.35
2026-02-26,Bhopal,Soybean,5110.49
2026-02-27,Bhopal,Soybean,5049.13
2026-02-28,Bhopal,Soybean,5103.83
2026-03-01,Bhopal,Soybean,5075.56
2026-03-02,Bhopal,Soybean,5104.5
2026-03-03,Bhopal,Soybean,5137.84
2026-03-04,Bhopal,Soybean,5236.75
2026-03-05,Bhopal,Soybean,5168.29
2026-03-06,Bhopal,Soybean,5222.92
2026-03-07,Bhopal,Soybean,5168.93
2026-03-08,Bhopal,Soybean,5139.06
2026-03-09,Bhopal,Soybean,5113.82
2026-03-10,Bhopal,Soybean,5159.57
2026-03-11,Bhopal,Soybean,5188.93
2026-03-12,Bhopal,Soybean,5142.52
2026-03-13,Bhopal,Soybean,5230.14
2026-03-14,Bhopal,Soybean,5247.44
2026-03-15,Bhopal,Soybean,5159.55
2026-03-16,Bhopal,Soybean,5295.33
2026-03-17,Bhopal,Soybean,5252.07
2026-03-18,Bhopal,Soybean,5245.63
2026-03-19,Bhopal,Soybean,5236.0
2026-03-20,Bhopal,Soybean,5242.45
2026-03-21,Bhopal,Soybean,5403.78
2026-03-22,Bhopal,Soybean,5259.85
2026-03-23,Bhopal,Soybean,5332.14
2026-03-24,Bhopal,Soybean,5255.56
2025-06-18,Sehore,Soybean,5112.05
2025-06-19,Sehore,Soybean,5090.85
2025-06-20,Sehore,Soybean,5049.13
2025-06-21,Sehore,Soybean,5006.45
2025-06-22,Sehore,Soybean,5098.1
2025-06-23,Sehore,Soybean,5158.78
2025-06-24,Sehore,Soybean,5067.1
2025-06-25,Sehore,Soybean,5136.52
2025-06-26,Sehore,Soybean,5219.25
2025-06-27,Sehore,Soybean,5170.48
2025-06-28,Sehore,Soybean,5177.87
2025-06-29,Sehore,Soybean,5153.25
2025-06-30,Sehore,Soybean,5131.76
2025-07-01,Sehore,Soybean,5132.94
2025-07-02,Sehore,Soybean,5228.81
2025-07-03,Sehore,Soybean,5196.18
2025-07-04,Sehore,Soybean,5141.92
2025-07-05,Sehore,Soybean,5244.08
2025-07-06,Sehore,Soybean,5221.77
2025-07-07,Sehore,Soybean,5207.53
2025-07-08,Sehore,Soybean,5180.88
2025-07-09,Sehore,Soybean,5197.3
2025-07-10,Sehore,Soybean,5042.06
2025-07-11,Sehore,Soybean,5141.58
2025-07-12,Sehore,Soybean,5121.48
2025-07-13,Sehore,Soybean,5227.72
2025-07-14,Sehore,Soybean,5188.44
2025-07-15,Sehore,Soybean,5152.64
2025-07-16,Sehore,Soybean,5119.24
2025-07-17,Sehore,Soybean,5208.2
2025-07-18,Sehore,Soybean,5074.46
2025-07-19,Sehore,Soybean,5107.77
2025-07-20,Sehore,Soybean,5147.87
2025-07-21,Sehore,Soybean,5048.47
2025-07-22,Sehore,Soybean,5144.06
2025-07-23,Sehore,Soybean,5086.6
2025-07-24,Sehore,Soybean,5251.55
2025-07-25,Sehore,Soybean,5108.04
2025-07-26,Sehore,Soybean,5114.73
2025-07-27,Sehore,Soybean,5143.13
2025-07-28,Sehore,Soybean,5018.14
2025-07-29,Sehore,Soybean,5133.34
2025-07-30,Sehore,Soybean,5062.73
2025-07-31,Sehore,Soybean,5035.2
2025-08-01,Sehore,Soybean,5058.69
2025-08-02,Sehore,Soybean,5106.96
2025-08-03,Sehore,Soybean,5081.53
2025-08-04,Sehore,Soybean,5008.81
2025-08-05,Sehore,Soybean,4975.29
2025-08-06,Sehore,Soybean,4905.94
2025-08-07,Sehore,Soybean,5031.95
2025-08-08,Sehore,Soybean,5022.1
2025-08-09,Sehore,Soybean,5030.66
2025-08-10,Sehore,Soybean,4843.63
2025-08-11,Sehore,Soybean,4913.9
2025-08-12,Sehore,Soybean,5050.6
2025-08-13,Sehore,Soybean,4988.63
2025-08-14,Sehore,Soybean,5050.35
2025-08-15,Sehore,Soybean,4945.43
2025-08-16,Sehore,Soybean,4815.03
2025-08-17,Sehore,Soybean,4953.9
2025-08-18,Sehore,Soybean,4927.62
2025-08-19,Sehore,Soybean,4966.11
2025-08-20,Sehore,Soybean,4981.28
2025-08-21,Sehore,Soybean,4885.12
2025-08-22,Sehore,Soybean,4819.77
2025-08-23,Sehore,Soybean,4823.36
2025-08-24,Sehore,Soybean,4896.52
2025-08-25,Sehore,Soybean,4885.82
2025-08-26,Sehore,Soybean,4834.1
2025-08-27,Sehore,Soybean,4802.4
2025-08-28,Sehore,Soybean,4761.14
2025-08-29,Sehore,Soybean,4828.3
2025-08-30,Sehore,Soybean,4882.63
2025-08-31,Sehore,Soybean,4791.87
2025-09-01,Sehore,Soybean,4840.66
2025-09-02,Sehore,Soybean,4857.23
2025-09-03,Sehore,Soybean,4782.55
2025-09-04,Sehore,Soybean,4818.96
2025-09-05,Sehore,Soybean,4908.39
2025-09-06,Sehore,Soybean,4843.61
2025-09-07,Sehore,Soybean,4793.82
2025-09-08,Sehore,Soybean,4714.7
2025-09-09,Sehore,Soybean,4767.91
2025-09-10,Sehore,Soybean,4854.2
2025-09-11,Sehore,Soybean,4777.72
2025-09-12,Sehore,Soybean,4893.69
2025-09-13,Sehore,Soybean,4780.14
2025-09-14,Sehore,Soybean,4816.1
2025-09-15,Sehore,Soybean,4785.56
2025-09-16,Sehore,Soybean,4865.52
2025-09-17,Sehore,Soybean,4737.31
2025-09-18,Sehore,Soybean,4740.61
2025-09-19,Sehore,Soybean,4905.12
2025-09-20,Sehore,Soybean,4799.6
2025-09-21,Sehore,Soybean,4808.95
2025-09-22,Sehore,Soybean,4878.0
2025-09-23,Sehore,Soybean,4835.8
2025-09-24,Sehore,Soybean,4794.06
2025-09-25,Sehore,Soybean,4904.69
2025-09-26,Sehore,Soybean,4752.44
2025-09-27,Sehore,Soybean,4884.83
2025-09-28,Sehore,Soybean,4819.42
2025-09-29,Sehore,Soybean,4863.91
2025-09-30,Sehore,Soybean,4966.02
2025-10-01,Sehore,Soybean,4874.33
2025-10-02,Sehore,Soybean,4864.15
2025-10-03,Sehore,Soybean,4831.3
2025-10-04,Sehore,Soybean,4830.25
2025-10-05,Sehore,Soybean,4946.82
2025-10-06,Sehore,Soybean,4917.41
2025-10-07,Sehore,Soybean,5029.53
2025-10-08,Sehore,Soybean,4854.17
2025-10-09,Sehore,Soybean,4957.9
2025-10-10,Sehore,Soybean,4903.67
2025-10-11,Sehore,Soybean,4953.9
2025-10-12,Sehore,Soybean,4980.99
2025-10-13,Sehore,Soybean,4933.43
2025-10-14,Sehore,Soybean,5050.39
2025-10-15,Sehore,Soybean,5023.46
2025-10-16,Sehore,Soybean,5064.53
2025-10-17,Sehore,Soybean,5086.22
2025-10-18,Sehore,Soybean,5030.52
2025-10-19,Sehore,Soybean,5041.06
2025-10-20,Sehore,Soybean,5006.94
2025-10-21,Sehore,Soybean,5152.39
2025-10-22,Sehore,Soybean,5075.3
2025-10-23,Sehore,Soybean,5107.24
2025-10-24,Sehore,Soybean,5172.47
2025-10-25,Sehore,Soybean,5128.98
2025-10-26,Sehore,Soybean,5098.59
2025-10-27,Sehore,Soybean,5129.63
2025-10-28,Sehore,Soybean,5178.96
2025-10-29,Sehore,Soybean,5105.32
2025-10-30,Sehore,Soybean,5161.43
2025-10-31,Sehore,Soybean,5207.33
2025-11-01,Sehore,Soybean,5219.91
2025-11-02,Sehore,Soybean,5130.61
2025-11-03,Sehore,Soybean,5241.6
2025-11-04,Sehore,Soybean,5207.01
2025-11-05,Sehore,Soybean,5238.88
2025-11-06,Sehore,Soybean,5239.85
2025-11-07,Sehore,Soybean,5202.24
2025-11-08,Sehore,Soybean,5260.84
2025-11-09,Sehore,Soybean,5233.29
2025-11-10,Sehore,Soybean,5319.86
2025-11-11,Sehore,Soybean,5223.23
2025-11-12,Sehore,Soybean,5299.97
2025-11-13,Sehore,Soybean,5304.61
2025-11-14,Sehore,Soybean,5348.6
2025-11-15,Sehore,Soybean,5275.98
2025-11-16,Sehore,Soybean,5364.59
2025-11-17,Sehore,Soybean,5339.54
2025-11-18,Sehore,Soybean,5287.85
2025-11-19,Sehore,Soybean,5326.55
2025-11-20,Sehore,Soybean,5291.91
2025-11-21,Sehore,Soybean,5269.16
2025-11-22,Sehore,Soybean,5228.39
2025-11-23,Sehore,Soybean,5408.17
2025-11-24,Sehore,Soybean,5313.97
2025-11-25,Sehore,Soybean,5380.54
2025-11-26,Sehore,Soybean,5356.67
2025-11-27,Sehore,Soybean,5352.58
2025-11-28,Sehore,Soybean,5357.24
2025-11-29,Sehore,Soybean,5319.69
2025-11-30,Sehore,Soybean,5300.43
2025-12-01,Sehore,Soybean,5314.27
2025-12-02,Sehore,Soybean,5221.25
2025-12-03,Sehore,Soybean,5232.59
2025-12-04,Sehore,Soybean,5225.39
2025-12-05,Sehore,Soybean,5378.21
2025-12-06,Sehore,Soybean,5225.98
2025-12-07,Sehore,Soybean,5273.82
2025-12-08,Sehore,Soybean,5324.98
2025-12-09,Sehore,Soybean,5197.46
2025-12-10,Sehore,Soybean,5259.13
2025-12-11,Sehore,Soybean,5310.1
2025-12-12,Sehore,Soybean,5138.13
2025-12-13,Sehore,Soybean,5240.44
2025-12-14,Sehore,Soybean,5196.02
2025-12-15,Sehore,Soybean,5236.22
2025-12-16,Sehore,Soybean,5246.68
2025-12-17,Sehore,Soybean,5200.67
2025-12-18,Sehore,Soybean,5200.88
2025-12-19,Sehore,Soybean,5260.7
2025-12-20,Sehore,Soybean,5154.43
2025-12-21,Sehore,Soybean,5202.05
2025-12-22,Sehore,Soybean,5120.08
2025-12-23,Sehore,Soybean,5168.84
2025-12-24,Sehore,Soybean,5120.13
2025-12-25,Sehore,Soybean,5019.08
2025-12-26,Sehore,Soybean,5055.1
2025-12-27,Sehore,Soybean,5070.5
2025-12-28,Sehore,Soybean,5053.49
2025-12-29,Sehore,Soybean,4919.12
2025-12-30,Sehore,Soybean,5026.99
2025-12-31,Sehore,Soybean,5130.19
2026-01-01,Sehore,Soybean,5048.72
2026-01-02,Sehore,Soybean,5005.46
2026-01-03,Sehore,Soybean,5007.63
2026-01-04,Sehore,Soybean,5023.45
2026-01-05,Sehore,Soybean,5061.23
2026-01-06,Sehore,Soybean,5001.65
2026-01-07,Sehore,Soybean,5008.4
2026-01-08,Sehore,Soybean,4989.92
2026-01-09,Sehore,Soybean,5048.45
2026-01-10,Sehore,Soybean,5052.66
2026-01-11,Sehore,Soybean,5046.23
2026-01-12,Sehore,Soybean,5019.27
2026-01-13,Sehore,Soybean,5026.74
2026-01-14,Sehore,Soybean,4971.79
2026-01-15,Sehore,Soybean,5061.47
2026-01-16,Sehore,Soybean,5026.62
2026-01-17,Sehore,Soybean,4937.54
2026-01-18,Sehore,Soybean,4909.39
2026-01-19,Sehore,Soybean,4911.06
2026-01-20,Sehore,Soybean,5077.35
2026-01-21,Sehore,Soybean,4995.42
2026-01-22,Sehore,Soybean,5019.65
2026-01-23,Sehore,Soybean,4880.55
2026-01-24,Sehore,Soybean,4921.16
2026-01-25,Sehore,Soybean,4947.55
2026-01-26,Sehore,Soybean,4925.2
2026-01-27,Sehore,Soybean,4894.28
2026-01-28,Sehore,Soybean,4835.54
2026-01-29,Sehore,Soybean,5034.85
2026-01-30,Sehore,Soybean,4906.91
2026-01-31,Sehore,Soybean,4995.06
2026-02-01,Sehore,Soybean,4973.93
2026-02-02,Sehore,Soybean,4905.42
2026-02-03,Sehore,Soybean,4967.47
2026-02-04,Sehore,Soybean,4989.32
2026-02-05,Sehore,Soybean,5042.08
2026-02-06,Sehore,Soybean,4975.84
2026-02-07,Sehore,Soybean,4985.37
2026-02-08,Sehore,Soybean,4963.98
2026-02-09,Sehore,Soybean,5020.9
2026-02-10,Sehore,Soybean,5035.29
2026-02-11,Sehore,Soybean,4915.38
2026-02-12,Sehore,Soybean,4943.03
2026-02-13,Sehore,Soybean,4913.28
2026-02-14,Sehore,Soybean,4976.89
2026-02-15,Sehore,Soybean,4967.34
2026-02-16,Sehore,Soybean,4977.73
2026-02-17,Sehore,Soybean,4950.94
2026-02-18,Sehore,Soybean,5039.48
2026-02-19,Sehore,Soybean,5078.04
2026-02-20,Sehore,Soybean,5083.86
2026-02-21,Sehore,Soybean,5043.52
2026-02-22,Sehore,Soybean,5057.86
2026-02-23,Sehore,Soybean,5124.57
2026-02-24,Sehore,Soybean,5012.03
2026-02-25,Sehore,Soybean,5089.55
2026-02-26,Sehore,Soybean,5143.68
2026-02-27,Sehore,Soybean,5180.45
2026-02-28,Sehore,Soybean,5128.88
2026-03-01,Sehore,Soybean,5160.96
2026-03-02,Sehore,Soybean,5171.8
2026-03-03,Sehore,Soybean,5148.5
2026-03-04,Sehore,Soybean,5183.25
2026-03-05,Sehore,Soybean,5147.99
2026-03-06,Sehore,Soybean,5186.42
2026-03-07,Sehore,Soybean,5203.02
2026-03-08,Sehore,Soybean,5219.06
2026-03-09,Sehore,Soybean,5168.42
2026-03-10,Sehore,Soybean,5304.96
2026-03-11,Sehore,Soybean,5307.48
2026-03-12,Sehore,Soybean,5250.25
2026-03-13,Sehore,Soybean,5174.84
2026-03-14,Sehore,Soybean,5244.16
2026-03-15,Sehore,Soybean,5276.4
2026-03-16,Sehore,Soybean,5329.25
2026-03-17,Sehore,Soybean,5356.75
2026-03-18,Sehore,Soybean,5230.6
2026-03-19,Sehore,Soybean,5294.38
2026-03-20,Sehore,Soybean,5365.49
2026-03-21,Sehore,Soybean,5340.96
2026-03-22,Sehore,Soybean,5301.54
2026-03-23,Sehore,Soybean,5354.69
2026-03-24,Sehore,Soybean,5290.44
2025-06-18,Ashta,Soybean,5006.5
2025-06-19,Ashta,Soybean,5097.16
2025-06-20,Ashta,Soybean,5056.43
2025-06-21,Ashta,Soybean,5047.77
2025-06-22,Ashta,Soybean,5122.85
2025-06-23,Ashta,Soybean,4987.26
2025-06-24,Ashta,Soybean,5004.27
2025-06-25,Ashta,Soybean,5030.08
2025-06-26,Ashta,Soybean,5046.49
2025-06-27,Ashta,Soybean,5136.32
2025-06-28,Ashta,Soybean,5028.88
2025-06-29,Ashta,Soybean,5053.47
2025-06-30,Ashta,Soybean,5115.53
2025-07-01,Ashta,Soybean,5071.89
2025-07-02,Ashta,Soybean,5088.44
2025-07-03,Ashta,Soybean,5065.52
2025-07-04,Ashta,Soybean,5115.69
2025-07-05,Ashta,Soybean,5130.42
2025-07-06,Ashta,Soybean,5073.46
2025-07-07,Ashta,Soybean,5119.2
2025-07-08,Ashta,Soybean,5059.03
2025-07-09,Ashta,Soybean,5112.86
2025-07-10,Ashta,Soybean,5091.25
2025-07-11,Ashta,Soybean,5021.46
2025-07-12,Ashta,Soybean,5197.7
2025-07-13,Ashta,Soybean,5104.43
2025-07-14,Ashta,Soybean,5137.67
2025-07-15,Ashta,Soybean,5178.7
2025-07-16,Ashta,Soybean,4957.25
2025-07-17,Ashta,Soybean,4992.49
2025-07-18,Ashta,Soybean,5067.18
2025-07-19,Ashta,Soybean,5066.17
2025-07-20,Ashta,Soybean,5044.15
2025-07-21,Ashta,Soybean,5068.54
2025-07-22,Ashta,Soybean,5106.87
2025-07-23,Ashta,Soybean,5091.47
2025-07-24,Ashta,Soybean,5013.13
2025-07-25,Ashta,Soybean,4991.68
2025-07-26,Ashta,Soybean,5097.13
2025-07-27,Ashta,Soybean,4886.21
2025-07-28,Ashta,Soybean,5012.24
2025-07-29,Ashta,Soybean,5010.58
2025-07-30,Ashta,Soybean,4993.37
2025-07-31,Ashta,Soybean,4978.89
2025-08-01,Ashta,Soybean,4936.97
2025-08-02,Ashta,Soybean,4890.46
2025-08-03,Ashta,Soybean,4990.52
2025-08-04,Ashta,Soybean,4981.69
2025-08-05,Ashta,Soybean,4949.12
2025-08-06,Ashta,Soybean,4940.91
2025-08-07,Ashta,Soybean,4906.01
2025-08-08,Ashta,Soybean,4900.23
2025-08-09,Ashta,Soybean,4858.79
2025-08-10,Ashta,Soybean,4950.67
2025-08-11,Ashta,Soybean,4893.37
2025-08-12,Ashta,Soybean,4870.13
2025-08-13,Ashta,Soybean,4907.2
2025-08-14,Ashta,Soybean,4819.09
2025-08-15,Ashta,Soybean,4887.1
2025-08-16,Ashta,Soybean,4919.96
2025-08-17,Ashta,Soybean,4785.92
2025-08-18,Ashta,Soybean,4789.53
2025-08-19,Ashta,Soybean,4845.62
2025-08-20,Ashta,Soybean,4822.91
2025-08-21,Ashta,Soybean,4844.21
2025-08-22,Ashta,Soybean,4761.97
2025-08-23,Ashta,Soybean,4834.6
2025-08-24,Ashta,Soybean,4745.56
2025-08-25,Ashta,Soybean,4837.6
2025-08-26,Ashta,Soybean,4831.59
2025-08-27,Ashta,Soybean,4769.5
2025-08-28,Ashta,Soybean,4824.61
2025-08-29,Ashta,Soybean,4790.98
2025-08-30,Ashta,Soybean,4803.2
2025-08-31,Ashta,Soybean,4680.33
2025-09-01,Ashta,Soybean,4745.34
2025-09-02,Ashta,Soybean,4826.27
2025-09-03,Ashta,Soybean,4776.7
2025-09-04,Ashta,Soybean,4744.12
2025-09-05,Ashta,Soybean,4821.03
2025-09-06,Ashta,Soybean,4739.17
2025-09-07,Ashta,Soybean,4793.19
2025-09-08,Ashta,Soybean,4767.77
2025-09-09,Ashta,Soybean,4775.64
2025-09-10,Ashta,Soybean,4660.1
2025-09-11,Ashta,Soybean,4728.07
2025-09-12,Ashta,Soybean,4807.22
2025-09-13,Ashta,Soybean,4721.63
2025-09-14,Ashta,Soybean,4729.6
2025-09-15,Ashta,Soybean,4782.64
2025-09-16,Ashta,Soybean,4784.85
2025-09-17,Ashta,Soybean,4745.13
2025-09-18,Ashta,Soybean,4788.36
2025-09-19,Ashta,Soybean,4830.99
2025-09-20,Ashta,Soybean,4719.16
2025-09-21,Ashta,Soybean,4864.3
2025-09-22,Ashta,Soybean,4735.65
2025-09-23,Ashta,Soybean,4800.32
2025-09-24,Ashta,Soybean,4902.4
2025-09-25,Ashta,Soybean,4741.1
2025-09-26,Ashta,Soybean,4814.02
2025-09-27,Ashta,Soybean,4836.36
2025-09-28,Ashta,Soybean,4815.75
2025-09-29,Ashta,Soybean,4735.45
2025-09-30,Ashta,Soybean,4833.26
2025-10-01,Ashta,Soybean,4831.53
2025-10-02,Ashta,Soybean,4848.71
2025-10-03,Ashta,Soybean,4786.4
2025-10-04,Ashta,Soybean,4845.75
2025-10-05,Ashta,Soybean,4921.1
2025-10-06,Ashta,Soybean,4863.77
2025-10-07,Ashta,Soybean,4901.8
2025-10-08,Ashta,Soybean,4893.76
2025-10-09,Ashta,Soybean,4933.09
2025-10-10,Ashta,Soybean,4940.01
2025-10-11,Ashta,Soybean,4952.07
2025-10-12,Ashta,Soybean,4953.08
2025-10-13,Ashta,Soybean,4906.4
2025-10-14,Ashta,Soybean,4927.24
2025-10-15,Ashta,Soybean,4987.7
2025-10-16,Ashta,Soybean,4971.29
2025-10-17,Ashta,Soybean,5012.6
2025-10-18,Ashta,Soybean,5006.96
2025-10-19,Ashta,Soybean,5043.76
2025-10-20,Ashta,Soybean,4989.37
2025-10-21,Ashta,Soybean,5057.77
2025-10-22,Ashta,Soybean,5022.94
2025-10-23,Ashta,Soybean,5142.26
2025-10-24,Ashta,Soybean,5015.96
2025-10-25,Ashta,Soybean,5010.68
2025-10-26,Ashta,Soybean,5119.96
2025-10-27,Ashta,Soybean,5062.0
2025-10-28,Ashta,Soybean,5062.28
2025-10-29,Ashta,Soybean,5116.2
2025-10-30,Ashta,Soybean,5135.63
2025-10-31,Ashta,Soybean,5048.75
2025-11-01,Ashta,Soybean,5200.07
2025-11-02,Ashta,Soybean,5140.41
2025-11-03,Ashta,Soybean,5117.34
2025-11-04,Ashta,Soybean,5140.84
2025-11-05,Ashta,Soybean,5136.62
2025-11-06,Ashta,Soybean,5140.04
2025-11-07,Ashta,Soybean,5084.51
2025-11-08,Ashta,Soybean,5096.49
2025-11-09,Ashta,Soybean,5135.03
2025-11-10,Ashta,Soybean,5195.27
2025-11-11,Ashta,Soybean,5246.95
2025-11-12,Ashta,Soybean,5179.7
2025-11-13,Ashta,Soybean,5170.42
2025-11-14,Ashta,Soybean,5217.73
2025-11-15,Ashta,Soybean,5182.71
2025-11-16,Ashta,Soybean,5235.09
2025-11-17,Ashta,Soybean,5185.03
2025-11-18,Ashta,Soybean,5177.61
2025-11-19,Ashta,Soybean,5199.73
2025-11-20,Ashta,Soybean,5202.91
2025-11-21,Ashta,Soybean,5253.08
2025-11-22,Ashta,Soybean,5279.94
2025-11-23,Ashta,Soybean,5237.64
2025-11-24,Ashta,Soybean,5202.42
2025-11-25,Ashta,Soybean,5163.48
2025-11-26,Ashta,Soybean,5277.58
2025-11-27,Ashta,Soybean,5219.61
2025-11-28,Ashta,Soybean,5185.38
2025-11-29,Ashta,Soybean,5265.73
2025-11-30,Ashta,Soybean,5234.95
2025-12-01,Ashta,Soybean,5244.51
2025-12-02,Ashta,Soybean,5294.23
2025-12-03,Ashta,Soybean,5163.32
2025-12-04,Ashta,Soybean,5244.69
2025-12-05,Ashta,Soybean,5168.1
2025-12-06,Ashta,Soybean,5198.16
2025-12-07,Ashta,Soybean,5262.88
2025-12-08,Ashta,Soybean,5232.18
2025-12-09,Ashta,Soybean,5235.47
2025-12-10,Ashta,Soybean,5219.87
2025-12-11,Ashta,Soybean,5232.79
2025-12-12,Ashta,Soybean,5082.58
2025-12-13,Ashta,Soybean,5253.96
2025-12-14,Ashta,Soybean,5181.1
2025-12-15,Ashta,Soybean,5119.09
2025-12-16,Ashta,Soybean,5164.41
2025-12-17,Ashta,Soybean,5138.53
2025-12-18,Ashta,Soybean,5101.24
2025-12-19,Ashta,Soybean,5098.72
2025-12-20,Ashta,Soybean,5021.48
2025-12-21,Ashta,Soybean,5165.65
2025-12-22,Ashta,Soybean,5051.18
2025-12-23,Ashta,Soybean,5105.58
2025-12-24,Ashta,Soybean,5091.14
2025-12-25,Ashta,Soybean,5030.64
2025-12-26,Ashta,Soybean,4992.95
2025-12-27,Ashta,Soybean,5066.26
2025-12-28,Ashta,Soybean,4953.91
2025-12-29,Ashta,Soybean,5083.34
2025-12-30,Ashta,Soybean,5134.83
2025-12-31,Ashta,Soybean,4992.31
2026-01-01,Ashta,Soybean,5037.61
2026-01-02,Ashta,Soybean,5051.01
2026-01-03,Ashta,Soybean,5061.85
2026-01-04,Ashta,Soybean,5017.38
2026-01-05,Ashta,Soybean,4984.92
2026-01-06,Ashta,Soybean,4971.6
2026-01-07,Ashta,Soybean,4977.7
2026-01-08,Ashta,Soybean,4937.93
2026-01-09,Ashta,Soybean,4892.83
2026-01-10,Ashta,Soybean,4975.99
2026-01-11,Ashta,Soybean,4963.0
2026-01-12,Ashta,Soybean,4922.42
2026-01-13,Ashta,Soybean,4964.82
2026-01-14,Ashta,Soybean,4894.43
2026-01-15,Ashta,Soybean,4996.85
2026-01-16,Ashta,Soybean,4881.76
2026-01-17,Ashta,Soybean,4970.86
2026-01-18,Ashta,Soybean,4943.21
2026-01-19,Ashta,Soybean,4842.53
2026-01-20,Ashta,Soybean,4859.15
2026-01-21,Ashta,Soybean,4827.36
2026-01-22,Ashta,Soybean,4846.34
2026-01-23,Ashta,Soybean,4899.69
2026-01-24,Ashta,Soybean,4966.71
2026-01-25,Ashta,Soybean,4800.84
2026-01-26,Ashta,Soybean,4830.36
2026-01-27,Ashta,Soybean,4911.64
2026-01-28,Ashta,Soybean,4861.38
2026-01-29,Ashta,Soybean,4885.46
2026-01-30,Ashta,Soybean,4798.82
2026-01-31,Ashta,Soybean,4881.26
2026-02-01,Ashta,Soybean,4844.68
2026-02-02,Ashta,Soybean,4870.3
2026-02-03,Ashta,Soybean,4888.98
2026-02-04,Ashta,Soybean,4918.87
2026-02-05,Ashta,Soybean,4854.26
2026-02-06,Ashta,Soybean,4875.2
2026-02-07,Ashta,Soybean,4924.34
2026-02-08,Ashta,Soybean,4981.19
2026-02-09,Ashta,Soybean,4832.89
2026-02-10,Ashta,Soybean,4895.81
2026-02-11,Ashta,Soybean,4890.21
2026-02-12,Ashta,Soybean,4874.0
2026-02-13,Ashta,Soybean,4870.61
2026-02-14,Ashta,Soybean,5003.81
2026-02-15,Ashta,Soybean,4944.69
2026-02-16,Ashta,Soybean,4945.97
2026-02-17,Ashta,Soybean,4939.86
2026-02-18,Ashta,Soybean,4891.23
2026-02-19,Ashta,Soybean,4974.99
2026-02-20,Ashta,Soybean,4977.48
2026-02-21,Ashta,Soybean,4926.68
2026-02-22,Ashta,Soybean,4984.51
2026-02-23,Ashta,Soybean,5057.01
2026-02-24,Ashta,Soybean,5019.44
2026-02-25,Ashta,Soybean,5017.52
2026-02-26,Ashta,Soybean,5032.35
2026-02-27,Ashta,Soybean,4976.13
2026-02-28,Ashta,Soybean,5115.33
2026-03-01,Ashta,Soybean,5087.52
2026-03-02,Ashta,Soybean,5104.82
2026-03-03,Ashta,Soybean,5051.66
2026-03-04,Ashta,Soybean,5098.27
2026-03-05,Ashta,Soybean,5177.13
2026-03-06,Ashta,Soybean,5145.45
2026-03-07,Ashta,Soybean,5077.53
2026-03-08,Ashta,Soybean,5139.32
2026-03-09,Ashta,Soybean,5101.11
2026-03-10,Ashta,Soybean,5125.87
2026-03-11,Ashta,Soybean,5118.4
2026-03-12,Ashta,Soybean,5124.35
2026-03-13,Ashta,Soybean,5201.54
2026-03-14,Ashta,Soybean,5204.08
2026-03-15,Ashta,Soybean,5217.34
2026-03-16,Ashta,Soybean,5230.03
2026-03-17,Ashta,Soybean,5268.3
2026-03-18,Ashta,Soybean,5124.23
2026-03-19,Ashta,Soybean,5283.32
2026-03-20,Ashta,Soybean,5229.26
2026-03-21,Ashta,Soybean,5298.37
2026-03-22,Ashta,Soybean,5237.55
2026-03-23,Ashta,Soybean,5241.98
2026-03-24,Ashta,Soybean,5327.58
