date,region,lat,lon,rainfall,temperature,humidity,ndvi,pest_level,crop,state,cluster,climate_risk,pest_risk,total_risk,outbreak_flag,risk_target,risk_label
2025-11-05,Ashta,23.0175,76.7221,28.71,23.93,41.96,0.5222,50.99,Wheat,Madhya Pradesh,Bhopal-Sehore-Ashta,27.54,45.19,34.6,0,41.04,1
2025-11-06,Ashta,23.0175,76.7221,22.13,25.92,45.04,0.6121,45.27,Wheat,Madhya Pradesh,Bhopal-Sehore-Ashta,33.75,41.7,36.93,0,34.23,1
2025-11-07,Ashta,23.0175,76.7221,22.03,24.0,48.24,0.6373,47.2,Wheat,Madhya Pradesh,Bhopal-Sehore-Ashta,28.4,38.39,32.4,0,40.59,1
2025-11-08,Ashta,23.0175,76.7221,20.28,22.69,57.88,0.6305,50.35,Wheat,Madhya Pradesh,Bhopal-Sehore-Ashta,23.17,34.34,27.64,0,39.16,1
2025-11-09,Ashta,23.0175,76.7221,19.3,25.55,49.39,0.5871,46.56,Wheat,Madhya Pradesh,Bhopal-Sehore-Ashta,34.76,40.52,37.06,0,30.15,1
2025-11-10,Ashta,23.0175,76.7221,23.76,21.36,56.69,0.6502,53.99,Wheat,Madhya Pradesh,Bhopal-Sehore-Ashta,17.21,34.61,24.17,0,26.61,0
2025-11-11,Ashta,23.0175,76.7221,21.35,17.32,51.73,0.672,45.95,Wheat,Madhya Pradesh,Bhopal-Sehore-Ashta,17.16,28.08,21.53,0,29.5,0
2025-11-12,Ashta,23.0175,76.7221,22.27,19.09,56.64,0.6975,46.21,Wheat,Madhya Pradesh,Bhopal-Sehore-Ashta,14.15,26.96,19.27,0,25.77,0
2025-11-13,Ashta,23.0175,76.7221,18.95,21.75,55.69,0.6273,47.18,Wheat,Madhya Pradesh,Bhopal-Sehore-Ashta,24.66,32.58,27.83,0,33.55,1
2025-11-14,Ashta,23.0175,76.7221,20.37,20.95,61.79,0.6563,58.01,Wheat,Madhya Pradesh,Bhopal-Sehore-Ashta,19.49,35.33,25.83,0,31.22,1
2025-11-15,Ashta,23.0175,76.7221,15.96,16.02,55.8,0.7033,41.87,Wheat,Madhya Pradesh,Bhopal-Sehore-Ashta,20.18,23.67,21.58,0,32.06,1
2025-11-16,Ashta,23.0175,76.7221,25.88,17.57,51.68,0.6873,41.41,Wheat,Madhya Pradesh,Bhopal-Sehore-Ashta,11.44,25.52,17.08,0,28.27,0
2025-11-17,Ashta,23.0175,76.7221,10.02,17.54,53.71,0.6596,46.18,Wheat,Madhya Pradesh,Bhopal-Sehore-Ashta,29.62,27.59,28.81,0,34.35,1
2025-11-18,Ashta,23.0175,76.7221,20.67,17.7,59.04,0.7126,59.86,Wheat,Madhya Pradesh,Bhopal-Sehore-Ashta,12.56,31.09,19.97,0,37.57,1
2025-11-19,Ashta,23.0175,76.7221,20.44,15.07,56.54,0.7299,31.83,Wheat,Madhya Pradesh,Bhopal-Sehore-Ashta,13.73,17.8,15.36,0,22.64,0
2025-11-20,Ashta,23.0175,76.7221,10.92,16.52,65.92,0.719,54.0,Wheat,Madhya Pradesh,Bhopal-Sehore-Ashta,26.57,30.16,28.01,0,31.51,1
2025-11-21,Ashta,23.0175,76.7221,22.63,16.04,62.61,0.7304,30.68,Wheat,Madhya Pradesh,Bhopal-Sehore-Ashta,10.68,16.85,13.15,0,20.25,0
2025-11-22,Ashta,23.0175,76.7221,17.09,19.29,77.87,0.7157,56.87,Wheat,Madhya Pradesh,Bhopal-Sehore-Ashta,28.24,38.39,32.3,0,34.88,1
2025-11-23,Ashta,23.0175,76.7221,16.41,19.2,58.35,0.7737,58.4,Wheat,Madhya Pradesh,Bhopal-Sehore-Ashta,18.6,31.41,23.72,0,38.52,1
2025-11-24,Ashta,23.0175,76.7221,12.09,16.86,69.08,0.7124,53.49,Wheat,Madhya Pradesh,Bhopal-Sehore-Ashta,27.21,31.39,28.88,0,36.01,1
2025-11-25,Ashta,23.0175,76.7221,10.58,16.2,63.41,0.728,47.7,Wheat,Madhya Pradesh,Bhopal-Sehore-Ashta,25.27,25.75,25.46,0,31.21,1
2025-11-26,Ashta,23.0175,76.7221,10.11,17.35,67.54,0.7481,44.01,Wheat,Madhya Pradesh,Bhopal-Sehore-Ashta,27.57,25.27,26.65,0,28.45,0
2025-11-27,Ashta,23.0175,76.7221,12.05,15.12,71.63,0.7826,47.57,Wheat,Madhya Pradesh,Bhopal-Sehore-Ashta,27.59,28.77,28.06,0,40.03,1
2025-11-28,Ashta,23.0175,76.7221,15.66,14.37,60.18,0.7163,41.72,Wheat,Madhya Pradesh,Bhopal-Sehore-Ashta,17.84,21.61,19.35,0,25.29,0
2025-11-29,Ashta,23.0175,76.7221,10.39,14.89,73.82,0.7239,43.17,Wheat,Madhya Pradesh,Bhopal-Sehore-Ashta,31.56,28.03,30.15,0,31.91,1
2025-11-30,Ashta,23.0175,76.7221,5.66,15.67,82.94,0.703,52.0,Wheat,Madhya Pradesh,Bhopal-Sehore-Ashta,42.92,36.77,40.46,0,42.16,1
2025-12-01,Ashta,23.0175,76.7221,12.29,14.57,71.89,0.7692,48.86,Wheat,Madhya Pradesh,Bhopal-Sehore-Ashta,27.46,29.53,28.28,0,37.12,1
2025-12-02,Ashta,23.0175,76.7221,12.4,17.77,76.13,0.7297,46.62,Wheat,Madhya Pradesh,Bhopal-Sehore-Ashta,30.36,30.63,30.47,0,37.14,1
2025-12-03,Ashta,23.0175,76.7221,11.11,19.27,80.58,0.7496,48.9,Wheat,Madhya Pradesh,Bhopal-Sehore-Ashta,35.72,34.87,35.38,0,41.5,1
2025-12-04,Ashta,23.0175,76.7221,11.28,14.16,75.19,0.7915,36.79,Wheat,Madhya Pradesh,Bhopal-Sehore-Ashta,30.52,24.9,28.27,0,32.98,1
2025-12-05,Ashta,23.0175,76.7221,7.07,18.12,73.59,0.7443,54.81,Wheat,Madhya Pradesh,Bhopal-Sehore-Ashta,34.87,33.49,34.32,0,51.18,1
2025-12-06,Ashta,23.0175,76.7221,4.34,17.84,65.55,0.7702,51.94,Wheat,Madhya Pradesh,Bhopal-Sehore-Ashta,33.11,28.35,31.2,0,35.39,1
2025-12-07,Ashta,23.0175,76.7221,4.54,19.45,80.49,0.7497,57.32,Wheat,Madhya Pradesh,Bhopal-Sehore-Ashta,43.6,39.26,41.86,0,43.94,1
2025-12-08,Ashta,23.0175,76.7221,1.46,18.98,77.0,0.778,60.68,Wheat,Madhya Pradesh,Bhopal-Sehore-Ashta,44.48,38.85,42.23,0,43.7,1
2025-12-09,Ashta,23.0175,76.7221,8.99,16.04,72.72,0.7755,49.44,Wheat,Madhya Pradesh,Bhopal-Sehore-Ashta,31.78,30.17,31.14,0,39.71,1
2025-12-10,Ashta,23.0175,76.7221,7.8,16.88,78.56,0.7359,55.93,Wheat,Madhya Pradesh,Bhopal-Sehore-Ashta,36.93,36.2,36.64,0,48.07,1
2025-12-11,Ashta,23.0175,76.7221,6.5,20.28,75.07,0.7414,56.67,Wheat,Madhya Pradesh,Bhopal-Sehore-Ashta,39.71,37.82,38.95,0,43.7,1
2025-12-12,Ashta,23.0175,76.7221,0.0,23.02,75.35,0.7683,55.34,Wheat,Madhya Pradesh,Bhopal-Sehore-Ashta,51.3,40.52,46.99,0,45.29,1
2025-12-13,Ashta,23.0175,76.7221,3.67,16.03,80.94,0.7584,48.19,Wheat,Madhya Pradesh,Bhopal-Sehore-Ashta,42.68,33.07,38.84,0,37.52,1
2025-12-14,Ashta,23.0175,76.7221,13.4,22.4,71.07,0.6871,73.56,Wheat,Madhya Pradesh,Bhopal-Sehore-Ashta,34.18,48.28,39.82,0,53.19,1
2025-12-15,Ashta,23.0175,76.7221,6.56,24.84,82.77,0.7385,57.76,Wheat,Madhya Pradesh,Bhopal-Sehore-Ashta,50.96,47.42,49.55,0,55.73,1
2025-12-16,Ashta,23.0175,76.7221,11.01,22.26,70.25,0.6858,50.11,Wheat,Madhya Pradesh,Bhopal-Sehore-Ashta,36.33,36.06,36.22,0,43.1,1
2025-12-17,Ashta,23.0175,76.7221,4.39,24.4,73.56,0.7503,60.49,Wheat,Madhya Pradesh,Bhopal-Sehore-Ashta,47.23,44.06,45.96,0,46.99,1
2025-12-18,Ashta,23.0175,76.7221,16.13,22.05,86.06,0.7369,62.31,Wheat,Madhya Pradesh,Bhopal-Sehore-Ashta,37.54,47.65,41.58,0,48.96,1
2025-12-19,Ashta,23.0175,76.7221,10.25,23.93,81.58,0.7044,49.72,Wheat,Madhya Pradesh,Bhopal-Sehore-Ashta,45.64,42.43,44.35,0,46.54,1
2025-12-20,Ashta,23.0175,76.7221,12.48,21.02,75.87,0.6992,65.24,Wheat,Madhya Pradesh,Bhopal-Sehore-Ashta,35.56,44.21,39.02,0,47.98,1
2025-12-21,Ashta,23.0175,76.7221,21.14,19.89,70.05,0.6832,52.6,Wheat,Madhya Pradesh,Bhopal-Sehore-Ashta,20.92,34.31,26.27,0,38.53,1
2025-12-22,Ashta,23.0175,76.7221,18.45,28.0,71.42,0.6861,52.03,Wheat,Madhya Pradesh,Bhopal-Sehore-Ashta,36.92,44.69,40.03,0,44.75,1
2025-12-23,Ashta,23.0175,76.7221,11.73,24.1,73.7,0.6546,68.71,Wheat,Madhya Pradesh,Bhopal-Sehore-Ashta,41.16,49.76,44.6,0,55.23,1
2025-12-24,Ashta,23.0175,76.7221,11.18,25.85,72.73,0.6615,65.18,Wheat,Madhya Pradesh,Bhopal-Sehore-Ashta,43.66,49.63,46.05,0,52.13,1
2025-12-25,Ashta,23.0175,76.7221,12.87,24.23,71.25,0.6758,47.69,Wheat,Madhya Pradesh,Bhopal-Sehore-Ashta,37.98,37.94,37.97,0,42.33,1
2025-12-26,Ashta,23.0175,76.7221,16.84,24.69,70.66,0.6238,73.49,Wheat,Madhya Pradesh,Bhopal-Sehore-Ashta,35.27,52.2,42.04,0,54.63,1
2025-12-27,Ashta,23.0175,76.7221,15.03,28.03,68.82,0.6074,67.14,Wheat,Madhya Pradesh,Bhopal-Sehore-Ashta,41.83,52.74,46.19,0,45.19,1
2025-12-28,Ashta,23.0175,76.7221,14.53,27.23,61.72,0.5835,58.85,Wheat,Madhya Pradesh,Bhopal-Sehore-Ashta,37.87,45.03,40.73,0,44.57,1
2025-12-29,Ashta,23.0175,76.7221,22.65,30.24,65.35,0.5732,75.99,Wheat,Madhya Pradesh,Bhopal-Sehore-Ashta,35.3,59.12,44.83,0,51.83,1
2025-12-30,Ashta,23.0175,76.7221,17.0,30.86,71.49,0.541,68.34,Wheat,Madhya Pradesh,Bhopal-Sehore-Ashta,47.29,59.35,52.12,0,53.79,1
2025-12-31,Ashta,23.0175,76.7221,27.34,30.98,59.03,0.6096,60.25,Wheat,Madhya Pradesh,Bhopal-Sehore-Ashta,27.34,49.57,36.23,0,42.06,1
2026-01-01,Ashta,23.0175,76.7221,19.18,31.18,63.87,0.6338,56.71,Wheat,Madhya Pradesh,Bhopal-Sehore-Ashta,38.09,48.81,42.38,0,54.15,1
2026-01-02,Ashta,23.0175,76.7221,26.63,34.64,59.64,0.6077,68.62,Wheat,Madhya Pradesh,Bhopal-Sehore-Ashta,33.37,58.11,43.26,0,46.54,1
2026-01-03,Ashta,23.0175,76.7221,21.58,28.9,63.21,0.5203,66.38,Wheat,Madhya Pradesh,Bhopal-Sehore-Ashta,34.9,52.78,42.05,0,54.19,1
2026-01-04,Ashta,23.0175,76.7221,24.66,31.54,59.63,0.5783,62.11,Wheat,Madhya Pradesh,Bhopal-Sehore-Ashta,31.9,51.57,39.77,0,38.06,1
2026-01-05,Ashta,23.0175,76.7221,18.56,34.56,67.88,0.5863,61.41,Wheat,Madhya Pradesh,Bhopal-Sehore-Ashta,47.6,58.06,51.78,0,52.99,1
2026-01-06,Ashta,23.0175,76.7221,18.67,35.11,61.95,0.5223,68.48,Wheat,Madhya Pradesh,Bhopal-Sehore-Ashta,46.83,61.02,52.5,0,58.11,1
2026-01-07,Ashta,23.0175,76.7221,24.53,29.15,51.79,0.5447,57.05,Wheat,Madhya Pradesh,Bhopal-Sehore-Ashta,33.96,50.09,40.41,0,48.33,1
2026-01-08,Ashta,23.0175,76.7221,27.23,31.89,60.66,0.4701,54.75,Wheat,Madhya Pradesh,Bhopal-Sehore-Ashta,32.84,50.62,39.95,0,47.95,1
2026-01-09,Ashta,23.0175,76.7221,24.0,35.88,52.41,0.5249,52.46,Wheat,Madhya Pradesh,Bhopal-Sehore-Ashta,44.91,56.33,49.48,0,54.34,1
2026-01-10,Ashta,23.0175,76.7221,19.23,34.04,52.39,0.4836,68.18,Wheat,Madhya Pradesh,Bhopal-Sehore-Ashta,48.97,62.73,54.47,0,56.84,1
2026-01-11,Ashta,23.0175,76.7221,19.45,33.4,55.88,0.5181,42.81,Wheat,Madhya Pradesh,Bhopal-Sehore-Ashta,44.72,47.06,45.66,0,42.49,1
2026-01-12,Ashta,23.0175,76.7221,19.65,32.49,50.92,0.463,63.87,Wheat,Madhya Pradesh,Bhopal-Sehore-Ashta,47.61,59.68,52.44,0,60.16,2
2026-01-13,Ashta,23.0175,76.7221,18.73,32.11,56.95,0.5232,58.98,Wheat,Madhya Pradesh,Bhopal-Sehore-Ashta,42.86,52.97,46.9,0,49.57,1
2026-01-14,Ashta,23.0175,76.7221,26.65,33.63,47.76,0.5314,70.71,Wheat,Madhya Pradesh,Bhopal-Sehore-Ashta,40.91,64.51,50.35,0,50.08,1
2026-01-15,Ashta,23.0175,76.7221,31.08,32.32,47.74,0.4772,56.5,Wheat,Madhya Pradesh,Bhopal-Sehore-Ashta,36.67,56.86,44.75,0,42.61,1
2026-01-16,Ashta,23.0175,76.7221,26.85,32.7,46.8,0.4637,66.01,Wheat,Madhya Pradesh,Bhopal-Sehore-Ashta,41.86,62.76,50.22,0,50.36,1
2026-01-17,Ashta,23.0175,76.7221,18.15,32.83,46.56,0.4312,58.4,Wheat,Madhya Pradesh,Bhopal-Sehore-Ashta,53.31,59.87,55.94,0,59.16,1
2026-01-18,Ashta,23.0175,76.7221,26.68,30.92,54.24,0.4907,62.39,Wheat,Madhya Pradesh,Bhopal-Sehore-Ashta,34.32,55.0,42.59,0,49.24,1
2026-01-19,Ashta,23.0175,76.7221,26.99,33.49,51.32,0.4756,68.84,Wheat,Madhya Pradesh,Bhopal-Sehore-Ashta,39.94,62.99,49.16,0,58.52,1
2026-01-20,Ashta,23.0175,76.7221,36.18,38.73,56.21,0.4361,66.77,Wheat,Madhya Pradesh,Bhopal-Sehore-Ashta,41.58,66.29,51.46,0,53.92,1
2026-01-21,Ashta,23.0175,76.7221,22.08,27.66,58.55,0.519,67.62,Wheat,Madhya Pradesh,Bhopal-Sehore-Ashta,31.49,51.13,39.34,0,48.62,1
2026-01-22,Ashta,23.0175,76.7221,26.42,32.19,41.68,0.484,49.79,Wheat,Madhya Pradesh,Bhopal-Sehore-Ashta,43.91,55.8,48.67,0,52.13,1
2026-01-23,Ashta,23.0175,76.7221,34.82,29.36,46.87,0.4726,59.98,Wheat,Madhya Pradesh,Bhopal-Sehore-Ashta,32.86,55.37,41.86,0,45.75,1
2026-01-24,Ashta,23.0175,76.7221,29.78,32.07,40.4,0.485,64.48,Wheat,Madhya Pradesh,Bhopal-Sehore-Ashta,40.51,63.53,49.72,0,56.43,1
2026-01-25,Ashta,23.0175,76.7221,30.16,30.46,42.23,0.5398,60.33,Wheat,Madhya Pradesh,Bhopal-Sehore-Ashta,35.15,57.56,44.11,0,45.67,1
2026-01-26,Ashta,23.0175,76.7221,28.25,31.69,42.87,0.5265,72.04,Wheat,Madhya Pradesh,Bhopal-Sehore-Ashta,39.07,64.94,49.42,0,54.39,1
2026-01-27,Ashta,23.0175,76.7221,28.95,32.2,40.72,0.5073,50.67,Wheat,Madhya Pradesh,Bhopal-Sehore-Ashta,40.82,56.2,46.97,0,46.17,1
2026-01-28,Ashta,23.0175,76.7221,30.53,29.48,40.8,0.5394,42.6,Wheat,Madhya Pradesh,Bhopal-Sehore-Ashta,34.51,48.09,39.94,0,34.76,1
2026-01-29,Ashta,23.0175,76.7221,23.94,31.17,45.46,0.4874,50.31,Wheat,Madhya Pradesh,Bhopal-Sehore-Ashta,43.01,53.1,47.05,0,50.46,1
2026-01-30,Ashta,23.0175,76.7221,30.4,22.68,40.3,0.5453,52.61,Wheat,Madhya Pradesh,Bhopal-Sehore-Ashta,24.42,44.69,32.53,0,36.21,1
2026-01-31,Ashta,23.0175,76.7221,21.06,31.22,50.86,0.5372,63.21,Wheat,Madhya Pradesh,Bhopal-Sehore-Ashta,41.87,56.3,47.64,0,52.37,1
2026-02-01,Ashta,23.0175,76.7221,27.49,27.9,42.41,0.5313,53.91,Wheat,Madhya Pradesh,Bhopal-Sehore-Ashta,34.39,51.24,41.13,0,47.37,1
2026-02-02,Ashta,23.0175,76.7221,26.49,28.99,61.45,0.5626,51.9,Wheat,Madhya Pradesh,Bhopal-Sehore-Ashta,27.03,44.06,33.84,0,41.49,1
2026-02-03,Ashta,23.0175,76.7221,22.86,23.17,45.63,0.5444,56.05,Wheat,Madhya Pradesh,Bhopal-Sehore-Ashta,30.46,44.76,36.18,0,45.47,1
2026-02-04,Ashta,23.0175,76.7221,24.76,23.53,48.79,0.5893,40.57,Wheat,Madhya Pradesh,Bhopal-Sehore-Ashta,25.64,35.22,29.47,0,32.31,1
2026-02-05,Ashta,23.0175,76.7221,21.85,25.23,42.55,0.5944,58.51,Wheat,Madhya Pradesh,Bhopal-Sehore-Ashta,34.99,48.88,40.55,0,43.82,1
2026-02-06,Ashta,23.0175,76.7221,19.52,24.31,58.23,0.4996,79.93,Wheat,Madhya Pradesh,Bhopal-Sehore-Ashta,30.22,53.62,39.58,0,51.29,1
2026-02-07,Ashta,23.0175,76.7221,21.82,24.46,56.01,0.6302,55.99,Wheat,Madhya Pradesh,Bhopal-Sehore-Ashta,25.11,40.18,31.13,0,30.15,1
2026-02-08,Ashta,23.0175,76.7221,18.23,25.77,52.67,0.5083,60.58,Wheat,Madhya Pradesh,Bhopal-Sehore-Ashta,36.83,47.98,41.29,0,39.84,1
2026-02-09,Ashta,23.0175,76.7221,23.33,18.7,45.28,0.6034,40.44,Wheat,Madhya Pradesh,Bhopal-Sehore-Ashta,21.64,30.34,25.12,0,23.1,0
2026-02-10,Ashta,23.0175,76.7221,16.81,24.48,53.94,0.6491,37.29,Wheat,Madhya Pradesh,Bhopal-Sehore-Ashta,31.6,31.36,31.5,0,28.25,0
2026-02-11,Ashta,23.0175,76.7221,23.61,21.76,48.19,0.6224,42.93,Wheat,Madhya Pradesh,Bhopal-Sehore-Ashta,23.67,33.78,27.71,0,34.27,1
2026-02-12,Ashta,23.0175,76.7221,15.38,20.78,62.06,0.598,44.31,Wheat,Madhya Pradesh,Bhopal-Sehore-Ashta,26.96,29.55,28.0,0,28.37,0
2026-02-13,Ashta,23.0175,76.7221,17.17,17.4,59.77,0.624,36.95,Wheat,Madhya Pradesh,Bhopal-Sehore-Ashta,18.88,21.09,19.77,0,23.03,0
2026-02-14,Ashta,23.0175,76.7221,16.27,21.49,57.22,0.6875,63.28,Wheat,Madhya Pradesh,Bhopal-Sehore-Ashta,24.72,38.44,30.21,0,46.63,1
2026-02-15,Ashta,23.0175,76.7221,23.39,14.35,45.59,0.6213,42.44,Wheat,Madhya Pradesh,Bhopal-Sehore-Ashta,19.81,29.97,23.87,0,27.66,0
2026-02-16,Ashta,23.0175,76.7221,18.73,20.99,53.91,0.7074,50.28,Wheat,Madhya Pradesh,Bhopal-Sehore-Ashta,22.39,32.34,26.37,0,37.23,1
2026-02-17,Ashta,23.0175,76.7221,15.89,15.68,63.34,0.6902,44.33,Wheat,Madhya Pradesh,Bhopal-Sehore-Ashta,20.16,24.79,22.02,0,24.04,0
2026-02-18,Ashta,23.0175,76.7221,18.06,18.88,67.05,0.6572,50.53,Wheat,Madhya Pradesh,Bhopal-Sehore-Ashta,22.06,31.24,25.73,0,32.14,1
2026-02-19,Ashta,23.0175,76.7221,6.98,18.16,67.61,0.6841,58.55,Wheat,Madhya Pradesh,Bhopal-Sehore-Ashta,33.42,34.05,33.68,0,36.39,1
2026-02-20,Ashta,23.0175,76.7221,14.58,20.83,55.19,0.6728,48.22,Wheat,Madhya Pradesh,Bhopal-Sehore-Ashta,27.3,31.25,28.88,0,32.99,1
2026-02-21,Ashta,23.0175,76.7221,22.11,17.47,65.74,0.7427,52.26,Wheat,Madhya Pradesh,Bhopal-Sehore-Ashta,12.7,28.74,19.12,0,33.26,1
2026-02-22,Ashta,23.0175,76.7221,14.04,16.05,70.37,0.7479,46.93,Wheat,Madhya Pradesh,Bhopal-Sehore-Ashta,24.61,27.95,25.95,0,23.61,0
2026-02-23,Ashta,23.0175,76.7221,13.18,16.29,58.06,0.6798,42.74,Wheat,Madhya Pradesh,Bhopal-Sehore-Ashta,22.84,23.61,23.14,0,31.19,1
2026-02-24,Ashta,23.0175,76.7221,14.53,20.22,67.34,0.7171,40.44,Wheat,Madhya Pradesh,Bhopal-Sehore-Ashta,26.56,26.8,26.66,0,31.98,1
2026-02-25,Ashta,23.0175,76.7221,15.38,18.4,69.76,0.7121,35.37,Wheat,Madhya Pradesh,Bhopal-Sehore-Ashta,24.37,23.13,23.87,0,24.35,0
2026-02-26,Ashta,23.0175,76.7221,3.29,16.18,67.87,0.786,44.57,Wheat,Madhya Pradesh,Bhopal-Sehore-Ashta,35.66,25.66,31.66,0,28.3,0
2026-02-27,Ashta,23.0175,76.7221,4.06,16.47,61.05,0.7104,46.53,Wheat,Madhya Pradesh,Bhopal-Sehore-Ashta,32.05,24.51,29.03,0,34.64,1
2026-02-28,Ashta,23.0175,76.7221,11.18,13.4,69.59,0.809,34.04,Wheat,Madhya Pradesh,Bhopal-Sehore-Ashta,27.44,21.13,24.91,0,25.0,0
2026-03-01,Ashta,23.0175,76.7221,7.06,17.91,70.45,0.7542,49.72,Wheat,Madhya Pradesh,Bhopal-Sehore-Ashta,32.73,29.34,31.38,0,38.05,1
2026-03-02,Ashta,23.0175,76.7221,14.79,13.03,72.16,0.733,47.37,Wheat,Madhya Pradesh,Bhopal-Sehore-Ashta,25.2,29.24,26.82,0,33.09,1
2026-03-03,Ashta,23.0175,76.7221,7.94,18.9,70.86,0.7381,34.18,Wheat,Madhya Pradesh,Bhopal-Sehore-Ashta,33.65,23.11,29.43,0,38.86,1
2026-03-04,Ashta,23.0175,76.7221,1.16,17.59,72.17,0.7387,43.47,Wheat,Madhya Pradesh,Bhopal-Sehore-Ashta,40.94,27.18,35.43,0,36.65,1
2026-03-05,Ashta,23.0175,76.7221,3.57,22.95,74.85,0.715,60.4,Wheat,Madhya Pradesh,Bhopal-Sehore-Ashta,47.8,43.45,46.06,0,45.24,1
2026-03-06,Ashta,23.0175,76.7221,0.0,15.13,77.86,0.7724,53.17,Wheat,Madhya Pradesh,Bhopal-Sehore-Ashta,45.21,34.24,40.82,0,45.42,1
2026-03-07,Ashta,23.0175,76.7221,7.31,17.66,74.66,0.7278,42.89,Wheat,Madhya Pradesh,Bhopal-Sehore-Ashta,35.51,28.17,32.58,0,36.77,1
2026-03-08,Ashta,23.0175,76.7221,7.37,22.29,74.6,0.6896,58.37,Wheat,Madhya Pradesh,Bhopal-Sehore-Ashta,42.99,42.01,42.6,0,54.13,1
2026-03-09,Ashta,23.0175,76.7221,6.34,21.19,77.51,0.7448,64.11,Wheat,Madhya Pradesh,Bhopal-Sehore-Ashta,42.55,43.65,42.99,0,53.5,1
2026-03-10,Ashta,23.0175,76.7221,12.32,17.18,67.78,0.7086,55.64,Wheat,Madhya Pradesh,Bhopal-Sehore-Ashta,26.31,31.98,28.58,0,38.48,1
2026-03-11,Ashta,23.0175,76.7221,12.81,19.65,80.03,0.7331,55.11,Wheat,Madhya Pradesh,Bhopal-Sehore-Ashta,34.48,38.54,36.11,0,49.13,1
2026-03-12,Ashta,23.0175,76.7221,7.39,19.52,77.83,0.7261,51.32,Wheat,Madhya Pradesh,Bhopal-Sehore-Ashta,39.56,35.68,38.01,0,36.06,1
2026-03-13,Ashta,23.0175,76.7221,0.0,20.57,78.15,0.722,51.18,Wheat,Madhya Pradesh,Bhopal-Sehore-Ashta,50.07,37.14,44.9,0,43.59,1
2026-03-14,Ashta,23.0175,76.7221,10.78,18.75,82.8,0.8083,58.06,Wheat,Madhya Pradesh,Bhopal-Sehore-Ashta,36.58,39.74,37.84,0,39.27,1
2026-03-15,Ashta,23.0175,76.7221,10.73,20.6,68.21,0.7421,53.32,Wheat,Madhya Pradesh,Bhopal-Sehore-Ashta,31.31,33.59,32.22,0,36.6,1
2026-03-16,Ashta,23.0175,76.7221,9.98,17.6,68.0,0.7492,53.91,Wheat,Madhya Pradesh,Bhopal-Sehore-Ashta,27.95,30.4,28.93,0,29.54,0
2026-03-17,Ashta,23.0175,76.7221,12.94,22.08,79.06,0.6746,60.13,Wheat,Madhya Pradesh,Bhopal-Sehore-Ashta,39.18,44.84,41.44,0,50.22,1
2026-03-18,Ashta,23.0175,76.7221,4.67,23.3,77.41,0.7004,65.39,Wheat,Madhya Pradesh,Bhopal-Sehore-Ashta,48.94,47.77,48.47,0,52.43,1
2026-03-19,Ashta,23.0175,76.7221,17.73,22.26,77.98,0.7228,58.36,Wheat,Madhya Pradesh,Bhopal-Sehore-Ashta,31.8,42.75,36.18,0,35.48,1
2026-03-20,Ashta,23.0175,76.7221,6.25,19.6,74.43,0.6847,61.08,Wheat,Madhya Pradesh,Bhopal-Sehore-Ashta,40.31,40.03,40.2,0,41.39,1
2026-03-21,Ashta,23.0175,76.7221,13.52,26.12,79.61,0.7231,68.58,Wheat,Madhya Pradesh,Bhopal-Sehore-Ashta,43.42,53.38,47.4,0,55.32,1
2026-03-22,Ashta,23.0175,76.7221,4.24,25.22,80.43,0.6547,56.43,Wheat,Madhya Pradesh,Bhopal-Sehore-Ashta,55.42,47.9,52.41,0,57.81,1
2026-03-23,Ashta,23.0175,76.7221,7.77,23.25,77.6,0.679,44.95,Wheat,Madhya Pradesh,Bhopal-Sehore-Ashta,46.0,38.0,42.8,0,53.43,1
2026-03-24,Ashta,23.0175,76.7221,18.08,24.82,73.23,0.6595,71.87,Wheat,Madhya Pradesh,Bhopal-Sehore-Ashta,34.41,51.94,41.42,0,65.12,2
2025-11-05,Bhopal,23.2599,77.4126,19.22,31.11,80.39,0.5738,69.47,Wheat,Madhya Pradesh,Bhopal-Sehore-Ashta,49.18,63.39,54.86,0,61.32,2
2025-11-06,Bhopal,23.2599,77.4126,14.52,28.28,69.2,0.5592,66.12,Wheat,Madhya Pradesh,Bhopal-Sehore-Ashta,44.46,53.67,48.14,0,48.59,1
2025-11-07,Bhopal,23.2599,77.4126,22.35,26.03,82.42,0.5787,66.68,Wheat,Madhya Pradesh,Bhopal-Sehore-Ashta,38.92,56.41,45.92,0,41.49,1
2025-11-08,Bhopal,23.2599,77.4126,23.78,31.9,79.84,0.5483,65.02,Wheat,Madhya Pradesh,Bhopal-Sehore-Ashta,45.49,62.42,52.27,0,57.43,1
2025-11-09,Bhopal,23.2599,77.4126,12.87,29.73,71.73,0.5785,72.45,Wheat,Madhya Pradesh,Bhopal-Sehore-Ashta,49.43,59.34,53.39,0,55.04,1
2025-11-10,Bhopal,23.2599,77.4126,16.12,30.94,74.57,0.6001,72.81,Wheat,Madhya Pradesh,Bhopal-Sehore-Ashta,48.43,61.82,53.78,1,57.41,1
2025-11-11,Bhopal,23.2599,77.4126,22.47,30.75,77.82,0.6434,65.67,Wheat,Madhya Pradesh,Bhopal-Sehore-Ashta,41.29,58.54,48.19,0,50.37,1
2025-11-12,Bhopal,23.2599,77.4126,21.31,32.06,76.27,0.6765,61.42,Wheat,Madhya Pradesh,Bhopal-Sehore-Ashta,42.73,56.73,48.33,0,51.55,1
2025-11-13,Bhopal,23.2599,77.4126,23.1,35.02,74.0,0.5855,74.99,Wheat,Madhya Pradesh,Bhopal-Sehore-Ashta,46.51,68.06,55.13,1,66.42,2
2025-11-14,Bhopal,23.2599,77.4126,20.32,33.09,74.32,0.6506,68.92,Wheat,Madhya Pradesh,Bhopal-Sehore-Ashta,45.09,61.45,51.63,0,57.6,1
2025-11-15,Bhopal,23.2599,77.4126,27.79,32.49,72.9,0.6167,55.58,Wheat,Madhya Pradesh,Bhopal-Sehore-Ashta,35.68,54.1,43.05,0,46.02,1
2025-11-16,Bhopal,23.2599,77.4126,27.9,30.56,74.19,0.6738,64.02,Wheat,Madhya Pradesh,Bhopal-Sehore-Ashta,31.68,55.32,41.14,0,42.83,1
2025-11-17,Bhopal,23.2599,77.4126,25.53,29.14,80.0,0.666,67.94,Wheat,Madhya Pradesh,Bhopal-Sehore-Ashta,35.87,58.15,44.78,0,43.35,1
2025-11-18,Bhopal,23.2599,77.4126,30.23,31.88,58.98,0.6169,53.87,Wheat,Madhya Pradesh,Bhopal-Sehore-Ashta,25.4,47.38,34.19,0,37.66,1
2025-11-19,Bhopal,23.2599,77.4126,28.0,32.85,69.75,0.7048,65.54,Wheat,Madhya Pradesh,Bhopal-Sehore-Ashta,31.54,56.42,41.49,0,48.44,1
2025-11-20,Bhopal,23.2599,77.4126,23.07,36.98,70.9,0.6573,57.64,Wheat,Madhya Pradesh,Bhopal-Sehore-Ashta,45.56,59.07,50.97,0,61.81,2
2025-11-21,Bhopal,23.2599,77.4126,28.32,33.12,70.54,0.6737,76.04,Wheat,Madhya Pradesh,Bhopal-Sehore-Ashta,32.95,62.96,44.96,1,54.94,1
2025-11-22,Bhopal,23.2599,77.4126,23.3,34.94,66.21,0.66,75.54,Wheat,Madhya Pradesh,Bhopal-Sehore-Ashta,39.48,63.41,49.05,0,61.91,2
2025-11-23,Bhopal,23.2599,77.4126,30.91,31.37,58.27,0.6854,56.6,Wheat,Madhya Pradesh,Bhopal-Sehore-Ashta,22.98,47.05,32.61,0,37.31,1
2025-11-24,Bhopal,23.2599,77.4126,27.4,29.59,67.65,0.7268,62.69,Wheat,Madhya Pradesh,Bhopal-Sehore-Ashta,25.49,49.58,35.12,0,37.47,1
2025-11-25,Bhopal,23.2599,77.4126,27.03,29.86,73.59,0.7126,43.46,Wheat,Madhya Pradesh,Bhopal-Sehore-Ashta,30.14,43.13,35.34,0,32.95,1
2025-11-26,Bhopal,23.2599,77.4126,25.17,30.14,56.21,0.7321,46.3,Wheat,Madhya Pradesh,Bhopal-Sehore-Ashta,26.55,40.31,32.05,0,32.7,1
2025-11-27,Bhopal,23.2599,77.4126,32.86,36.4,67.12,0.7245,63.24,Wheat,Madhya Pradesh,Bhopal-Sehore-Ashta,32.43,58.18,42.73,0,59.53,1
2025-11-28,Bhopal,23.2599,77.4126,27.38,29.29,60.07,0.771,46.8,Wheat,Madhya Pradesh,Bhopal-Sehore-Ashta,20.03,37.54,27.04,0,28.86,0
2025-11-29,Bhopal,23.2599,77.4126,26.27,32.75,60.32,0.7172,65.57,Wheat,Madhya Pradesh,Bhopal-Sehore-Ashta,27.64,52.02,37.39,0,50.04,1
2025-11-30,Bhopal,23.2599,77.4126,26.51,28.36,54.29,0.6945,70.14,Wheat,Madhya Pradesh,Bhopal-Sehore-Ashta,24.54,51.58,35.35,0,41.27,1
2025-12-01,Bhopal,23.2599,77.4126,29.95,32.16,56.82,0.7651,47.33,Wheat,Madhya Pradesh,Bhopal-Sehore-Ashta,23.12,42.73,30.96,0,40.53,1
2025-12-02,Bhopal,23.2599,77.4126,29.13,30.47,63.94,0.7279,52.34,Wheat,Madhya Pradesh,Bhopal-Sehore-Ashta,22.63,43.89,31.14,0,39.42,1
2025-12-03,Bhopal,23.2599,77.4126,29.12,28.77,59.32,0.7756,56.4,Wheat,Madhya Pradesh,Bhopal-Sehore-Ashta,17.57,41.95,27.32,0,35.26,1
2025-12-04,Bhopal,23.2599,77.4126,28.95,28.57,64.07,0.7544,69.65,Wheat,Madhya Pradesh,Bhopal-Sehore-Ashta,19.41,49.78,31.56,0,42.78,1
2025-12-05,Bhopal,23.2599,77.4126,35.51,26.66,60.32,0.7425,44.12,Wheat,Madhya Pradesh,Bhopal-Sehore-Ashta,13.4,33.17,21.31,0,24.88,0
2025-12-06,Bhopal,23.2599,77.4126,25.0,28.69,55.69,0.7521,55.57,Wheat,Madhya Pradesh,Bhopal-Sehore-Ashta,24.33,42.99,31.8,0,41.16,1
2025-12-07,Bhopal,23.2599,77.4126,24.21,26.1,61.32,0.804,66.84,Wheat,Madhya Pradesh,Bhopal-Sehore-Ashta,19.66,44.11,29.44,0,38.39,1
2025-12-08,Bhopal,23.2599,77.4126,22.6,23.8,53.94,0.8105,33.93,Wheat,Madhya Pradesh,Bhopal-Sehore-Ashta,20.8,26.81,23.2,0,20.29,0
2025-12-09,Bhopal,23.2599,77.4126,27.89,23.15,55.07,0.7491,38.31,Wheat,Madhya Pradesh,Bhopal-Sehore-Ashta,13.03,27.72,18.91,0,18.34,0
2025-12-10,Bhopal,23.2599,77.4126,29.47,25.94,48.69,0.7433,45.21,Wheat,Madhya Pradesh,Bhopal-Sehore-Ashta,19.19,37.51,26.52,0,32.99,1
2025-12-11,Bhopal,23.2599,77.4126,23.99,28.64,49.81,0.762,46.77,Wheat,Madhya Pradesh,Bhopal-Sehore-Ashta,28.79,41.05,33.7,0,45.52,1
2025-12-12,Bhopal,23.2599,77.4126,20.55,24.83,45.34,0.708,53.66,Wheat,Madhya Pradesh,Bhopal-Sehore-Ashta,30.91,42.49,35.54,0,41.78,1
2025-12-13,Bhopal,23.2599,77.4126,20.06,23.65,53.19,0.7413,50.37,Wheat,Madhya Pradesh,Bhopal-Sehore-Ashta,24.22,35.34,28.67,0,34.59,1
2025-12-14,Bhopal,23.2599,77.4126,25.37,24.05,41.83,0.7249,30.45,Wheat,Madhya Pradesh,Bhopal-Sehore-Ashta,25.61,31.08,27.8,0,30.02,1
2025-12-15,Bhopal,23.2599,77.4126,25.14,25.87,51.18,0.7262,54.07,Wheat,Madhya Pradesh,Bhopal-Sehore-Ashta,23.23,41.13,30.39,0,44.02,1
2025-12-16,Bhopal,23.2599,77.4126,23.71,22.85,45.92,0.6921,41.44,Wheat,Madhya Pradesh,Bhopal-Sehore-Ashta,24.4,33.97,28.23,0,33.29,1
2025-12-17,Bhopal,23.2599,77.4126,18.23,20.89,52.41,0.6673,57.76,Wheat,Madhya Pradesh,Bhopal-Sehore-Ashta,24.88,37.4,29.89,0,36.2,1
2025-12-18,Bhopal,23.2599,77.4126,21.17,23.89,50.06,0.6403,44.9,Wheat,Madhya Pradesh,Bhopal-Sehore-Ashta,28.11,36.27,31.37,0,40.96,1
2025-12-19,Bhopal,23.2599,77.4126,20.04,21.86,55.24,0.6663,44.47,Wheat,Madhya Pradesh,Bhopal-Sehore-Ashta,22.64,30.77,25.89,0,33.61,1
2025-12-20,Bhopal,23.2599,77.4126,19.78,23.95,49.68,0.6749,53.29,Wheat,Madhya Pradesh,Bhopal-Sehore-Ashta,29.0,40.01,33.4,0,47.05,1
2025-12-21,Bhopal,23.2599,77.4126,21.71,20.41,38.14,0.6796,47.23,Wheat,Madhya Pradesh,Bhopal-Sehore-Ashta,27.89,37.4,31.7,0,37.28,1
2025-12-22,Bhopal,23.2599,77.4126,18.44,16.76,45.71,0.7463,42.88,Wheat,Madhya Pradesh,Bhopal-Sehore-Ashta,21.76,27.64,24.11,0,23.62,0
2025-12-23,Bhopal,23.2599,77.4126,19.59,16.04,40.3,0.7151,23.8,Wheat,Madhya Pradesh,Bhopal-Sehore-Ashta,24.45,21.04,23.09,0,16.46,0
2025-12-24,Bhopal,23.2599,77.4126,16.47,22.63,43.76,0.632,50.81,Wheat,Madhya Pradesh,Bhopal-Sehore-Ashta,35.55,40.51,37.53,0,49.77,1
2025-12-25,Bhopal,23.2599,77.4126,16.7,22.46,54.17,0.6636,41.46,Wheat,Madhya Pradesh,Bhopal-Sehore-Ashta,28.13,30.53,29.09,0,41.42,1
2025-12-26,Bhopal,23.2599,77.4126,17.41,17.79,50.13,0.6422,46.44,Wheat,Madhya Pradesh,Bhopal-Sehore-Ashta,23.56,29.61,25.98,0,31.22,1
2025-12-27,Bhopal,23.2599,77.4126,8.42,17.05,43.85,0.6393,30.09,Wheat,Madhya Pradesh,Bhopal-Sehore-Ashta,37.73,24.18,32.31,0,29.73,0
2025-12-28,Bhopal,23.2599,77.4126,12.35,21.05,42.75,0.6372,48.16,Wheat,Madhya Pradesh,Bhopal-Sehore-Ashta,38.41,37.54,38.06,0,48.4,1
2025-12-29,Bhopal,23.2599,77.4126,11.15,14.94,48.52,0.6543,34.67,Wheat,Madhya Pradesh,Bhopal-Sehore-Ashta,31.42,24.17,28.52,0,24.83,0
2025-12-30,Bhopal,23.2599,77.4126,9.9,15.26,42.87,0.6169,29.82,Wheat,Madhya Pradesh,Bhopal-Sehore-Ashta,37.23,24.91,32.3,0,27.08,0
2025-12-31,Bhopal,23.2599,77.4126,10.8,18.66,46.25,0.6443,49.44,Wheat,Madhya Pradesh,Bhopal-Sehore-Ashta,34.42,33.55,34.07,0,41.9,1
2026-01-01,Bhopal,23.2599,77.4126,17.36,16.18,51.88,0.5753,47.46,Wheat,Madhya Pradesh,Bhopal-Sehore-Ashta,24.63,30.7,27.06,0,31.21,1
2026-01-02,Bhopal,23.2599,77.4126,7.43,17.01,56.86,0.6004,42.71,Wheat,Madhya Pradesh,Bhopal-Sehore-Ashta,32.61,25.69,29.85,0,33.68,1
2026-01-03,Bhopal,23.2599,77.4126,14.3,16.62,54.95,0.6715,56.35,Wheat,Madhya Pradesh,Bhopal-Sehore-Ashta,23.56,31.91,26.9,0,34.92,1
2026-01-04,Bhopal,23.2599,77.4126,3.27,17.79,41.31,0.5908,38.8,Wheat,Madhya Pradesh,Bhopal-Sehore-Ashta,46.64,30.59,40.22,0,41.48,1
2026-01-05,Bhopal,23.2599,77.4126,8.28,20.3,55.2,0.6152,49.72,Wheat,Madhya Pradesh,Bhopal-Sehore-Ashta,35.58,32.49,34.34,0,45.99,1
2026-01-06,Bhopal,23.2599,77.4126,9.92,17.35,54.98,0.5742,49.97,Wheat,Madhya Pradesh,Bhopal-Sehore-Ashta,31.57,30.65,31.2,0,37.28,1
2026-01-07,Bhopal,23.2599,77.4126,11.3,18.75,57.67,0.5799,45.02,Wheat,Madhya Pradesh,Bhopal-Sehore-Ashta,29.38,27.85,28.76,0,36.86,1
2026-01-08,Bhopal,23.2599,77.4126,11.53,12.71,64.69,0.567,51.59,Wheat,Madhya Pradesh,Bhopal-Sehore-Ashta,29.72,31.46,30.42,0,26.52,0
2026-01-09,Bhopal,23.2599,77.4126,11.64,17.5,47.32,0.5485,41.27,Wheat,Madhya Pradesh,Bhopal-Sehore-Ashta,34.71,30.1,32.87,0,35.15,1
2026-01-10,Bhopal,23.2599,77.4126,6.89,15.9,55.74,0.5284,44.71,Wheat,Madhya Pradesh,Bhopal-Sehore-Ashta,36.04,28.61,33.07,0,32.35,1
2026-01-11,Bhopal,23.2599,77.4126,6.29,15.3,62.72,0.5613,60.34,Wheat,Madhya Pradesh,Bhopal-Sehore-Ashta,34.88,35.11,34.97,0,36.49,1
2026-01-12,Bhopal,23.2599,77.4126,11.48,16.37,52.93,0.5165,39.26,Wheat,Madhya Pradesh,Bhopal-Sehore-Ashta,32.65,27.33,30.52,0,28.75,0
2026-01-13,Bhopal,23.2599,77.4126,7.24,17.94,69.3,0.5552,35.24,Wheat,Madhya Pradesh,Bhopal-Sehore-Ashta,37.71,25.5,32.83,0,31.88,1
2026-01-14,Bhopal,23.2599,77.4126,2.9,21.17,64.85,0.5582,68.39,Wheat,Madhya Pradesh,Bhopal-Sehore-Ashta,44.9,44.07,44.57,0,56.3,1
2026-01-15,Bhopal,23.2599,77.4126,3.52,16.39,68.32,0.5435,73.47,Wheat,Madhya Pradesh,Bhopal-Sehore-Ashta,41.84,44.43,42.88,0,45.43,1
2026-01-16,Bhopal,23.2599,77.4126,4.47,19.91,62.3,0.5148,51.23,Wheat,Madhya Pradesh,Bhopal-Sehore-Ashta,41.02,33.69,38.09,0,42.19,1
2026-01-17,Bhopal,23.2599,77.4126,10.27,19.15,70.28,0.5369,40.95,Wheat,Madhya Pradesh,Bhopal-Sehore-Ashta,37.01,30.58,34.44,0,33.97,1
2026-01-18,Bhopal,23.2599,77.4126,9.03,19.96,72.59,0.5114,56.23,Wheat,Madhya Pradesh,Bhopal-Sehore-Ashta,41.76,40.73,41.35,0,44.18,1
2026-01-19,Bhopal,23.2599,77.4126,11.45,23.49,69.43,0.5411,57.5,Wheat,Madhya Pradesh,Bhopal-Sehore-Ashta,41.53,43.83,42.45,0,51.98,1
2026-01-20,Bhopal,23.2599,77.4126,7.25,22.9,70.42,0.4594,60.2,Wheat,Madhya Pradesh,Bhopal-Sehore-Ashta,48.56,46.5,47.74,0,54.17,1
2026-01-21,Bhopal,23.2599,77.4126,9.9,25.24,71.55,0.5002,54.29,Wheat,Madhya Pradesh,Bhopal-Sehore-Ashta,48.4,46.14,47.5,0,56.22,1
2026-01-22,Bhopal,23.2599,77.4126,12.12,22.32,66.79,0.4575,64.45,Wheat,Madhya Pradesh,Bhopal-Sehore-Ashta,39.99,46.38,42.55,0,48.35,1
2026-01-23,Bhopal,23.2599,77.4126,8.77,21.6,71.24,0.4755,64.71,Wheat,Madhya Pradesh,Bhopal-Sehore-Ashta,44.83,47.16,45.76,0,47.97,1
2026-01-24,Bhopal,23.2599,77.4126,12.26,23.22,72.04,0.5603,48.17,Wheat,Madhya Pradesh,Bhopal-Sehore-Ashta,41.1,39.56,40.48,0,41.67,1
2026-01-25,Bhopal,23.2599,77.4126,8.24,24.83,75.49,0.5457,68.87,Wheat,Madhya Pradesh,Bhopal-Sehore-Ashta,50.61,53.7,51.85,0,58.17,1
2026-01-26,Bhopal,23.2599,77.4126,9.93,25.22,79.3,0.4998,82.71,Wheat,Madhya Pradesh,Bhopal-Sehore-Ashta,52.78,63.66,57.13,0,65.69,2
2026-01-27,Bhopal,23.2599,77.4126,10.38,22.86,69.67,0.4848,62.13,Wheat,Madhya Pradesh,Bhopal-Sehore-Ashta,43.66,46.59,44.83,0,44.6,1
2026-01-28,Bhopal,23.2599,77.4126,7.67,26.11,74.94,0.4387,64.15,Wheat,Madhya Pradesh,Bhopal-Sehore-Ashta,56.09,54.84,55.59,0,58.61,1
2026-01-29,Bhopal,23.2599,77.4126,14.98,26.96,83.52,0.5143,68.0,Wheat,Madhya Pradesh,Bhopal-Sehore-Ashta,51.47,59.99,54.88,0,59.96,1
2026-01-30,Bhopal,23.2599,77.4126,11.75,32.75,72.87,0.5968,72.81,Wheat,Madhya Pradesh,Bhopal-Sehore-Ashta,55.37,63.42,58.59,1,75.44,2
2026-01-31,Bhopal,23.2599,77.4126,14.3,31.8,72.89,0.5447,54.52,Wheat,Madhya Pradesh,Bhopal-Sehore-Ashta,52.54,54.14,53.18,0,62.97,2
2026-02-01,Bhopal,23.2599,77.4126,16.81,26.03,78.36,0.5323,67.13,Wheat,Madhya Pradesh,Bhopal-Sehore-Ashta,44.46,55.83,49.0,0,50.17,1
2026-02-02,Bhopal,23.2599,77.4126,17.33,27.83,81.84,0.5658,64.82,Wheat,Madhya Pradesh,Bhopal-Sehore-Ashta,47.53,57.74,51.62,0,54.14,1
2026-02-03,Bhopal,23.2599,77.4126,18.86,25.6,77.87,0.5161,80.43,Wheat,Madhya Pradesh,Bhopal-Sehore-Ashta,41.63,62.05,49.8,0,51.67,1
2026-02-04,Bhopal,23.2599,77.4126,16.48,28.07,84.59,0.556,68.1,Wheat,Madhya Pradesh,Bhopal-Sehore-Ashta,50.75,61.06,54.87,0,55.89,1
2026-02-05,Bhopal,23.2599,77.4126,15.85,30.6,82.28,0.5701,83.78,Wheat,Madhya Pradesh,Bhopal-Sehore-Ashta,53.54,70.79,60.44,1,69.02,2
2026-02-06,Bhopal,23.2599,77.4126,17.91,33.06,82.19,0.5671,63.8,Wheat,Madhya Pradesh,Bhopal-Sehore-Ashta,54.86,63.89,58.47,0,66.1,2
2026-02-07,Bhopal,23.2599,77.4126,12.15,29.01,80.66,0.6091,72.11,Wheat,Madhya Pradesh,Bhopal-Sehore-Ashta,53.37,61.49,56.62,0,57.62,1
2026-02-08,Bhopal,23.2599,77.4126,13.79,29.55,89.36,0.6025,74.09,Wheat,Madhya Pradesh,Bhopal-Sehore-Ashta,57.44,67.02,61.27,0,61.85,2
2026-02-09,Bhopal,23.2599,77.4126,14.95,26.46,76.46,0.6264,56.12,Wheat,Madhya Pradesh,Bhopal-Sehore-Ashta,43.36,48.16,45.28,0,37.8,1
2026-02-10,Bhopal,23.2599,77.4126,16.91,31.33,67.15,0.584,66.1,Wheat,Madhya Pradesh,Bhopal-Sehore-Ashta,44.33,56.1,49.04,0,53.34,1
2026-02-11,Bhopal,23.2599,77.4126,23.14,29.54,84.81,0.6432,78.39,Wheat,Madhya Pradesh,Bhopal-Sehore-Ashta,42.69,66.39,52.17,0,54.72,1
2026-02-12,Bhopal,23.2599,77.4126,18.54,31.02,74.06,0.6704,62.41,Wheat,Madhya Pradesh,Bhopal-Sehore-Ashta,43.32,55.1,48.03,0,49.7,1
2026-02-13,Bhopal,23.2599,77.4126,21.26,30.43,76.37,0.6017,53.6,Wheat,Madhya Pradesh,Bhopal-Sehore-Ashta,42.64,52.32,46.51,0,44.25,1
2026-02-14,Bhopal,23.2599,77.4126,28.55,32.41,81.8,0.6083,70.74,Wheat,Madhya Pradesh,Bhopal-Sehore-Ashta,40.01,65.56,50.23,1,55.91,1
2026-02-15,Bhopal,23.2599,77.4126,22.49,28.73,66.61,0.6903,52.31,Wheat,Madhya Pradesh,Bhopal-Sehore-Ashta,30.42,43.59,35.69,0,31.89,1
2026-02-16,Bhopal,23.2599,77.4126,27.4,29.51,67.67,0.6508,58.88,Wheat,Madhya Pradesh,Bhopal-Sehore-Ashta,27.66,49.1,36.23,0,35.69,1
2026-02-17,Bhopal,23.2599,77.4126,21.22,37.86,65.17,0.6896,66.3,Wheat,Madhya Pradesh,Bhopal-Sehore-Ashta,44.8,61.4,51.44,0,66.54,2
2026-02-18,Bhopal,23.2599,77.4126,24.6,30.03,68.4,0.6574,48.56,Wheat,Madhya Pradesh,Bhopal-Sehore-Ashta,31.92,44.77,37.06,0,34.07,1
2026-02-19,Bhopal,23.2599,77.4126,22.06,30.47,73.72,0.7207,50.21,Wheat,Madhya Pradesh,Bhopal-Sehore-Ashta,36.69,47.16,40.88,0,38.2,1
2026-02-20,Bhopal,23.2599,77.4126,24.9,37.18,73.25,0.6745,73.83,Wheat,Madhya Pradesh,Bhopal-Sehore-Ashta,44.56,68.08,53.97,1,69.11,2
2026-02-21,Bhopal,23.2599,77.4126,29.98,39.57,71.08,0.6802,66.87,Wheat,Madhya Pradesh,Bhopal-Sehore-Ashta,38.45,64.58,48.9,0,68.82,2
2026-02-22,Bhopal,23.2599,77.4126,20.04,30.08,61.67,0.7448,36.85,Wheat,Madhya Pradesh,Bhopal-Sehore-Ashta,30.85,34.34,32.25,0,27.77,0
2026-02-23,Bhopal,23.2599,77.4126,28.97,31.79,56.18,0.6896,64.32,Wheat,Madhya Pradesh,Bhopal-Sehore-Ashta,25.88,52.24,36.43,0,42.96,1
2026-02-24,Bhopal,23.2599,77.4126,28.42,33.24,66.98,0.6749,66.18,Wheat,Madhya Pradesh,Bhopal-Sehore-Ashta,30.94,56.63,41.22,0,50.42,1
2026-02-25,Bhopal,23.2599,77.4126,25.29,36.21,63.3,0.6889,59.07,Wheat,Madhya Pradesh,Bhopal-Sehore-Ashta,36.53,54.93,43.89,0,57.09,1
2026-02-26,Bhopal,23.2599,77.4126,22.03,29.72,66.89,0.7337,48.88,Wheat,Madhya Pradesh,Bhopal-Sehore-Ashta,31.3,42.37,35.73,0,34.74,1
2026-02-27,Bhopal,23.2599,77.4126,28.21,31.15,67.03,0.6746,68.89,Wheat,Madhya Pradesh,Bhopal-Sehore-Ashta,28.09,55.4,39.02,0,46.75,1
2026-02-28,Bhopal,23.2599,77.4126,25.87,33.19,63.13,0.7405,63.57,Wheat,Madhya Pradesh,Bhopal-Sehore-Ashta,29.68,52.3,38.73,0,50.07,1
2026-03-01,Bhopal,23.2599,77.4126,28.93,32.06,65.15,0.7108,80.41,Wheat,Madhya Pradesh,Bhopal-Sehore-Ashta,26.46,60.77,40.18,0,54.42,1
2026-03-02,Bhopal,23.2599,77.4126,28.06,29.83,61.42,0.7687,59.81,Wheat,Madhya Pradesh,Bhopal-Sehore-Ashta,20.82,45.3,30.61,0,37.49,1
2026-03-03,Bhopal,23.2599,77.4126,34.3,29.99,61.85,0.6644,62.47,Wheat,Madhya Pradesh,Bhopal-Sehore-Ashta,21.61,48.73,32.46,0,40.79,1
2026-03-04,Bhopal,23.2599,77.4126,26.81,26.72,54.61,0.7209,50.86,Wheat,Madhya Pradesh,Bhopal-Sehore-Ashta,20.75,39.22,28.14,0,28.08,0
2026-03-05,Bhopal,23.2599,77.4126,23.51,28.89,56.19,0.6908,62.02,Wheat,Madhya Pradesh,Bhopal-Sehore-Ashta,27.86,47.44,35.69,0,42.4,1
2026-03-06,Bhopal,23.2599,77.4126,28.11,28.37,57.06,0.7183,59.68,Wheat,Madhya Pradesh,Bhopal-Sehore-Ashta,20.39,44.7,30.11,0,37.65,1
2026-03-07,Bhopal,23.2599,77.4126,28.02,29.03,59.18,0.7493,65.36,Wheat,Madhya Pradesh,Bhopal-Sehore-Ashta,19.34,46.83,30.34,0,42.01,1
2026-03-08,Bhopal,23.2599,77.4126,32.28,26.73,52.15,0.7407,46.56,Wheat,Madhya Pradesh,Bhopal-Sehore-Ashta,17.86,37.74,25.81,0,29.26,0
2026-03-09,Bhopal,23.2599,77.4126,29.85,28.58,55.8,0.7338,50.5,Wheat,Madhya Pradesh,Bhopal-Sehore-Ashta,18.93,40.6,27.6,0,36.83,1
2026-03-10,Bhopal,23.2599,77.4126,27.56,29.3,50.98,0.7337,48.86,Wheat,Madhya Pradesh,Bhopal-Sehore-Ashta,25.44,42.75,32.36,0,42.37,1
2026-03-11,Bhopal,23.2599,77.4126,31.57,26.8,50.88,0.7475,56.44,Wheat,Madhya Pradesh,Bhopal-Sehore-Ashta,18.49,43.18,28.36,0,37.56,1
2026-03-12,Bhopal,23.2599,77.4126,20.51,26.72,54.82,0.7087,64.57,Wheat,Madhya Pradesh,Bhopal-Sehore-Ashta,28.35,46.23,35.5,0,45.98,1
2026-03-13,Bhopal,23.2599,77.4126,22.23,25.49,39.97,0.7596,40.63,Wheat,Madhya Pradesh,Bhopal-Sehore-Ashta,31.75,38.26,34.35,0,36.5,1
2026-03-14,Bhopal,23.2599,77.4126,20.57,24.82,42.77,0.756,41.53,Wheat,Madhya Pradesh,Bhopal-Sehore-Ashta,31.08,36.67,33.32,0,35.78,1
2026-03-15,Bhopal,23.2599,77.4126,22.17,22.62,41.21,0.7479,45.1,Wheat,Madhya Pradesh,Bhopal-Sehore-Ashta,26.87,36.42,30.69,0,31.41,1
2026-03-16,Bhopal,23.2599,77.4126,17.66,24.47,36.39,0.7448,40.38,Wheat,Madhya Pradesh,Bhopal-Sehore-Ashta,37.75,38.5,38.05,0,40.33,1
2026-03-17,Bhopal,23.2599,77.4126,25.11,22.99,44.17,0.735,52.02,Wheat,Madhya Pradesh,Bhopal-Sehore-Ashta,22.69,39.33,29.34,0,35.66,1
2026-03-18,Bhopal,23.2599,77.4126,21.07,27.5,50.87,0.7727,32.08,Wheat,Madhya Pradesh,Bhopal-Sehore-Ashta,29.89,31.83,30.66,0,41.55,1
2026-03-19,Bhopal,23.2599,77.4126,15.44,25.79,45.34,0.7066,41.42,Wheat,Madhya Pradesh,Bhopal-Sehore-Ashta,38.35,37.6,38.05,0,46.93,1
2026-03-20,Bhopal,23.2599,77.4126,16.62,22.56,47.46,0.7003,39.96,Wheat,Madhya Pradesh,Bhopal-Sehore-Ashta,31.11,32.05,31.48,0,35.95,1
2026-03-21,Bhopal,23.2599,77.4126,21.27,19.43,51.69,0.6866,26.95,Wheat,Madhya Pradesh,Bhopal-Sehore-Ashta,18.98,20.09,19.43,0,17.87,0
2026-03-22,Bhopal,23.2599,77.4126,22.7,18.16,52.73,0.674,37.43,Wheat,Madhya Pradesh,Bhopal-Sehore-Ashta,15.19,23.55,18.53,0,18.64,0
2026-03-23,Bhopal,23.2599,77.4126,26.66,23.01,45.67,0.6508,39.81,Wheat,Madhya Pradesh,Bhopal-Sehore-Ashta,22.58,34.29,27.26,0,36.98,1
2026-03-24,Bhopal,23.2599,77.4126,29.66,20.45,52.77,0.6592,45.92,Wheat,Madhya Pradesh,Bhopal-Sehore-Ashta,10.93,30.94,18.93,0,28.34,0
2025-11-05,Sehore,23.2032,77.085,32.19,34.17,61.14,0.5784,72.89,Wheat,Madhya Pradesh,Bhopal-Sehore-Ashta,30.05,60.58,42.26,0,53.85,1
2025-11-06,Sehore,23.2032,77.085,26.58,29.42,52.24,0.5821,57.87,Wheat,Madhya Pradesh,Bhopal-Sehore-Ashta,30.59,49.89,38.31,0,35.46,1
2025-11-07,Sehore,23.2032,77.085,23.22,32.91,62.12,0.5603,71.0,Wheat,Madhya Pradesh,Bhopal-Sehore-Ashta,37.18,58.84,45.84,0,58.03,1
2025-11-08,Sehore,23.2032,77.085,26.85,28.18,65.73,0.5931,57.54,Wheat,Madhya Pradesh,Bhopal-Sehore-Ashta,26.93,47.09,34.99,0,44.03,1
2025-11-09,Sehore,23.2032,77.085,30.97,28.2,65.01,0.6027,60.21,Wheat,Madhya Pradesh,Bhopal-Sehore-Ashta,22.58,47.95,32.73,0,35.42,1
2025-11-10,Sehore,23.2032,77.085,22.52,28.22,67.38,0.6081,60.52,Wheat,Madhya Pradesh,Bhopal-Sehore-Ashta,32.53,49.04,39.13,0,43.19,1
2025-11-11,Sehore,23.2032,77.085,22.4,34.17,58.26,0.6656,54.88,Wheat,Madhya Pradesh,Bhopal-Sehore-Ashta,36.65,50.09,42.02,0,47.2,1
2025-11-12,Sehore,23.2032,77.085,27.86,28.29,67.99,0.6294,66.51,Wheat,Madhya Pradesh,Bhopal-Sehore-Ashta,26.12,51.95,36.45,0,45.73,1
2025-11-13,Sehore,23.2032,77.085,24.28,24.17,65.86,0.6414,61.66,Wheat,Madhya Pradesh,Bhopal-Sehore-Ashta,22.53,43.23,30.81,0,38.6,1
2025-11-14,Sehore,23.2032,77.085,27.27,27.48,65.97,0.5872,65.5,Wheat,Madhya Pradesh,Bhopal-Sehore-Ashta,25.7,50.41,35.59,0,44.05,1
2025-11-15,Sehore,23.2032,77.085,24.1,23.88,73.71,0.6384,71.71,Wheat,Madhya Pradesh,Bhopal-Sehore-Ashta,26.89,51.31,36.66,0,45.92,1
2025-11-16,Sehore,23.2032,77.085,26.42,23.04,77.7,0.6667,71.17,Wheat,Madhya Pradesh,Bhopal-Sehore-Ashta,24.35,51.14,35.06,0,46.66,1
2025-11-17,Sehore,23.2032,77.085,18.9,25.72,80.19,0.6562,60.17,Wheat,Madhya Pradesh,Bhopal-Sehore-Ashta,38.88,50.26,43.43,0,55.81,1
2025-11-18,Sehore,23.2032,77.085,22.39,23.17,78.65,0.7307,61.45,Wheat,Madhya Pradesh,Bhopal-Sehore-Ashta,27.87,45.57,34.95,0,30.07,1
2025-11-19,Sehore,23.2032,77.085,20.98,23.22,72.35,0.6913,51.98,Wheat,Madhya Pradesh,Bhopal-Sehore-Ashta,27.17,38.98,31.9,0,36.74,1
2025-11-20,Sehore,23.2032,77.085,16.33,22.1,75.43,0.7439,56.1,Wheat,Madhya Pradesh,Bhopal-Sehore-Ashta,31.1,39.91,34.62,0,41.95,1
2025-11-21,Sehore,23.2032,77.085,14.29,22.34,78.22,0.7131,53.21,Wheat,Madhya Pradesh,Bhopal-Sehore-Ashta,36.36,40.58,38.04,0,44.07,1
2025-11-22,Sehore,23.2032,77.085,22.62,22.06,75.65,0.719,69.55,Wheat,Madhya Pradesh,Bhopal-Sehore-Ashta,24.57,47.18,33.61,0,42.53,1
2025-11-23,Sehore,23.2032,77.085,17.8,16.17,76.29,0.7328,54.25,Wheat,Madhya Pradesh,Bhopal-Sehore-Ashta,24.06,34.45,28.21,0,27.24,0
2025-11-24,Sehore,23.2032,77.085,14.44,21.71,80.29,0.7298,56.13,Wheat,Madhya Pradesh,Bhopal-Sehore-Ashta,35.92,41.8,38.27,0,45.27,1
2025-11-25,Sehore,23.2032,77.085,17.47,17.5,76.35,0.7946,60.53,Wheat,Madhya Pradesh,Bhopal-Sehore-Ashta,23.96,37.27,29.29,0,47.3,1
2025-11-26,Sehore,23.2032,77.085,21.69,16.04,73.4,0.6808,34.01,Wheat,Madhya Pradesh,Bhopal-Sehore-Ashta,19.43,24.13,21.31,0,17.45,0
2025-11-27,Sehore,23.2032,77.085,7.38,18.85,75.31,0.6887,38.29,Wheat,Madhya Pradesh,Bhopal-Sehore-Ashta,38.25,27.99,34.15,0,39.71,1
2025-11-28,Sehore,23.2032,77.085,9.85,18.84,80.81,0.736,61.78,Wheat,Madhya Pradesh,Bhopal-Sehore-Ashta,37.08,41.14,38.7,0,43.98,1
2025-11-29,Sehore,23.2032,77.085,11.49,16.74,77.85,0.76,52.27,Wheat,Madhya Pradesh,Bhopal-Sehore-Ashta,31.79,33.78,32.59,0,38.19,1
2025-11-30,Sehore,23.2032,77.085,20.38,19.96,79.66,0.7763,56.92,Wheat,Madhya Pradesh,Bhopal-Sehore-Ashta,25.4,39.34,30.97,0,33.49,1
2025-12-01,Sehore,23.2032,77.085,15.04,14.71,81.35,0.7822,40.24,Wheat,Madhya Pradesh,Bhopal-Sehore-Ashta,29.65,29.27,29.5,0,31.05,1
2025-12-02,Sehore,23.2032,77.085,16.37,16.64,76.1,0.754,50.96,Wheat,Madhya Pradesh,Bhopal-Sehore-Ashta,25.1,32.38,28.01,0,41.4,1
2025-12-03,Sehore,23.2032,77.085,8.15,16.05,81.65,0.7982,67.77,Wheat,Madhya Pradesh,Bhopal-Sehore-Ashta,37.86,43.16,39.98,0,51.23,1
2025-12-04,Sehore,23.2032,77.085,7.67,17.13,79.59,0.7966,58.51,Wheat,Madhya Pradesh,Bhopal-Sehore-Ashta,37.25,37.65,37.41,0,52.4,1
2025-12-05,Sehore,23.2032,77.085,13.41,17.77,71.27,0.7697,51.17,Wheat,Madhya Pradesh,Bhopal-Sehore-Ashta,25.79,30.41,27.64,0,40.59,1
2025-12-06,Sehore,23.2032,77.085,11.34,14.73,84.34,0.7984,48.15,Wheat,Madhya Pradesh,Bhopal-Sehore-Ashta,35.68,34.51,35.21,0,41.29,1
2025-12-07,Sehore,23.2032,77.085,12.83,18.67,74.24,0.7685,48.67,Wheat,Madhya Pradesh,Bhopal-Sehore-Ashta,29.17,31.28,30.01,0,44.33,1
2025-12-08,Sehore,23.2032,77.085,9.44,17.15,68.01,0.7446,31.56,Wheat,Madhya Pradesh,Bhopal-Sehore-Ashta,28.73,19.32,24.96,0,29.13,0
2025-12-09,Sehore,23.2032,77.085,10.9,12.68,70.54,0.7889,46.65,Wheat,Madhya Pradesh,Bhopal-Sehore-Ashta,28.31,27.84,28.12,0,37.82,1
2025-12-10,Sehore,23.2032,77.085,10.05,12.6,70.08,0.7685,51.61,Wheat,Madhya Pradesh,Bhopal-Sehore-Ashta,29.03,30.12,29.47,0,34.63,1
2025-12-11,Sehore,23.2032,77.085,12.2,17.18,74.8,0.7527,38.53,Wheat,Madhya Pradesh,Bhopal-Sehore-Ashta,29.22,25.61,27.78,0,31.34,1
2025-12-12,Sehore,23.2032,77.085,12.03,16.84,72.47,0.7936,43.59,Wheat,Madhya Pradesh,Bhopal-Sehore-Ashta,28.09,27.14,27.71,0,28.99,0
2025-12-13,Sehore,23.2032,77.085,2.08,17.29,71.4,0.6705,42.66,Wheat,Madhya Pradesh,Bhopal-Sehore-Ashta,41.47,27.81,36.01,0,42.95,1
2025-12-14,Sehore,23.2032,77.085,0.0,17.67,75.37,0.6959,45.49,Wheat,Madhya Pradesh,Bhopal-Sehore-Ashta,45.41,30.41,39.41,0,35.34,1
2025-12-15,Sehore,23.2032,77.085,12.21,18.5,73.12,0.6959,53.46,Wheat,Madhya Pradesh,Bhopal-Sehore-Ashta,30.63,34.06,32.0,0,42.35,1
2025-12-16,Sehore,23.2032,77.085,12.84,20.43,72.1,0.711,37.27,Wheat,Madhya Pradesh,Bhopal-Sehore-Ashta,31.75,27.64,30.1,0,31.3,1
2025-12-17,Sehore,23.2032,77.085,3.94,16.01,71.63,0.7171,54.65,Wheat,Madhya Pradesh,Bhopal-Sehore-Ashta,38.04,32.97,36.01,0,47.46,1
2025-12-18,Sehore,23.2032,77.085,0.56,16.2,71.69,0.6727,57.07,Wheat,Madhya Pradesh,Bhopal-Sehore-Ashta,43.35,35.09,40.04,0,48.9,1
2025-12-19,Sehore,23.2032,77.085,8.42,16.75,57.07,0.6805,43.46,Wheat,Madhya Pradesh,Bhopal-Sehore-Ashta,28.94,24.38,27.11,0,41.12,1
2025-12-20,Sehore,23.2032,77.085,11.82,20.32,64.76,0.6701,32.08,Wheat,Madhya Pradesh,Bhopal-Sehore-Ashta,29.81,22.58,26.92,0,32.12,1
2025-12-21,Sehore,23.2032,77.085,15.4,22.93,54.63,0.7571,40.02,Wheat,Madhya Pradesh,Bhopal-Sehore-Ashta,27.5,28.47,27.89,0,23.67,0
2025-12-22,Sehore,23.2032,77.085,10.44,19.51,64.65,0.7367,59.38,Wheat,Madhya Pradesh,Bhopal-Sehore-Ashta,28.14,33.84,30.42,0,38.77,1
2025-12-23,Sehore,23.2032,77.085,7.09,15.21,63.37,0.6712,24.65,Wheat,Madhya Pradesh,Bhopal-Sehore-Ashta,31.02,15.35,24.75,0,18.86,0
2025-12-24,Sehore,23.2032,77.085,5.26,17.52,67.53,0.6601,48.06,Wheat,Madhya Pradesh,Bhopal-Sehore-Ashta,35.86,29.06,33.14,0,35.02,1
2025-12-25,Sehore,23.2032,77.085,9.17,20.02,67.16,0.6236,44.35,Wheat,Madhya Pradesh,Bhopal-Sehore-Ashta,35.22,30.3,33.25,0,44.14,1
2025-12-26,Sehore,23.2032,77.085,8.25,21.16,61.16,0.5905,59.65,Wheat,Madhya Pradesh,Bhopal-Sehore-Ashta,35.56,37.46,36.32,0,46.51,1
2025-12-27,Sehore,23.2032,77.085,5.76,22.02,56.57,0.6343,45.64,Wheat,Madhya Pradesh,Bhopal-Sehore-Ashta,39.74,31.63,36.5,0,35.75,1
2025-12-28,Sehore,23.2032,77.085,18.43,23.58,60.44,0.5967,58.12,Wheat,Madhya Pradesh,Bhopal-Sehore-Ashta,26.72,39.29,31.75,0,34.59,1
2025-12-29,Sehore,23.2032,77.085,17.82,23.31,54.33,0.6165,56.24,Wheat,Madhya Pradesh,Bhopal-Sehore-Ashta,29.42,39.86,33.59,0,40.55,1
2025-12-30,Sehore,23.2032,77.085,15.7,26.98,55.95,0.5556,71.79,Wheat,Madhya Pradesh,Bhopal-Sehore-Ashta,38.3,52.74,44.08,0,46.31,1
2025-12-31,Sehore,23.2032,77.085,7.98,23.56,59.89,0.5797,53.45,Wheat,Madhya Pradesh,Bhopal-Sehore-Ashta,39.2,37.13,38.37,0,39.54,1
2026-01-01,Sehore,23.2032,77.085,15.62,23.67,51.22,0.599,54.23,Wheat,Madhya Pradesh,Bhopal-Sehore-Ashta,34.83,40.99,37.29,0,43.93,1
2026-01-02,Sehore,23.2032,77.085,15.33,27.29,57.11,0.5907,45.08,Wheat,Madhya Pradesh,Bhopal-Sehore-Ashta,37.48,38.58,37.92,0,45.84,1
2026-01-03,Sehore,23.2032,77.085,15.13,23.19,55.59,0.593,62.23,Wheat,Madhya Pradesh,Bhopal-Sehore-Ashta,32.36,42.63,36.47,0,47.24,1
2026-01-04,Sehore,23.2032,77.085,18.97,28.15,46.6,0.5238,49.09,Wheat,Madhya Pradesh,Bhopal-Sehore-Ashta,42.54,47.5,44.52,0,34.43,1
2026-01-05,Sehore,23.2032,77.085,17.14,28.0,55.45,0.5824,52.64,Wheat,Madhya Pradesh,Bhopal-Sehore-Ashta,37.63,44.12,40.23,0,45.47,1
2026-01-06,Sehore,23.2032,77.085,18.2,27.93,53.34,0.5263,57.44,Wheat,Madhya Pradesh,Bhopal-Sehore-Ashta,39.18,48.46,42.89,0,47.62,1
2026-01-07,Sehore,23.2032,77.085,18.45,32.41,49.68,0.5541,46.87,Wheat,Madhya Pradesh,Bhopal-Sehore-Ashta,46.86,49.79,48.03,0,49.75,1
2026-01-08,Sehore,23.2032,77.085,17.93,27.79,44.74,0.5382,55.59,Wheat,Madhya Pradesh,Bhopal-Sehore-Ashta,43.84,50.81,46.63,0,57.4,1
2026-01-09,Sehore,23.2032,77.085,10.11,34.41,43.7,0.4785,68.37,Wheat,Madhya Pradesh,Bhopal-Sehore-Ashta,65.28,67.11,66.01,0,56.4,1
2026-01-10,Sehore,23.2032,77.085,18.25,29.59,44.82,0.5149,58.29,Wheat,Madhya Pradesh,Bhopal-Sehore-Ashta,46.82,54.84,50.03,0,49.55,1
2026-01-11,Sehore,23.2032,77.085,16.37,27.57,49.79,0.5348,42.96,Wheat,Madhya Pradesh,Bhopal-Sehore-Ashta,42.55,42.12,42.38,0,45.51,1
2026-01-12,Sehore,23.2032,77.085,14.15,31.05,41.94,0.5311,54.68,Wheat,Madhya Pradesh,Bhopal-Sehore-Ashta,54.95,55.77,55.28,0,47.19,1
2026-01-13,Sehore,23.2032,77.085,26.67,28.77,48.62,0.5094,62.82,Wheat,Madhya Pradesh,Bhopal-Sehore-Ashta,33.76,54.56,42.08,0,55.68,1
2026-01-14,Sehore,23.2032,77.085,27.52,29.84,40.01,0.5542,38.23,Wheat,Madhya Pradesh,Bhopal-Sehore-Ashta,37.95,46.4,41.33,0,42.24,1
2026-01-15,Sehore,23.2032,77.085,26.69,32.78,45.06,0.53,49.85,Wheat,Madhya Pradesh,Bhopal-Sehore-Ashta,41.17,54.2,46.38,0,51.65,1
2026-01-16,Sehore,23.2032,77.085,22.9,33.4,46.56,0.4887,67.65,Wheat,Madhya Pradesh,Bhopal-Sehore-Ashta,46.9,64.06,53.77,0,55.08,1
2026-01-17,Sehore,23.2032,77.085,27.9,30.92,58.24,0.5222,64.46,Wheat,Madhya Pradesh,Bhopal-Sehore-Ashta,29.67,53.69,39.28,0,50.9,1
2026-01-18,Sehore,23.2032,77.085,23.14,34.82,39.2,0.5489,60.72,Wheat,Madhya Pradesh,Bhopal-Sehore-Ashta,51.15,64.32,56.42,0,63.05,2
2026-01-19,Sehore,23.2032,77.085,24.48,35.38,53.6,0.5481,78.57,Wheat,Madhya Pradesh,Bhopal-Sehore-Ashta,42.22,67.79,52.45,0,61.45,2
2026-01-20,Sehore,23.2032,77.085,19.84,36.14,47.21,0.451,67.98,Wheat,Madhya Pradesh,Bhopal-Sehore-Ashta,55.34,68.13,60.46,0,63.89,2
2026-01-21,Sehore,23.2032,77.085,26.31,34.15,48.81,0.4646,68.05,Wheat,Madhya Pradesh,Bhopal-Sehore-Ashta,43.49,64.72,51.98,0,58.15,1
2026-01-22,Sehore,23.2032,77.085,25.45,36.12,47.71,0.5342,84.02,Wheat,Madhya Pradesh,Bhopal-Sehore-Ashta,45.99,74.24,57.29,0,60.99,2
2026-01-23,Sehore,23.2032,77.085,20.45,28.67,49.78,0.4745,56.43,Wheat,Madhya Pradesh,Bhopal-Sehore-Ashta,41.25,51.44,45.33,0,47.92,1
2026-01-24,Sehore,23.2032,77.085,25.88,32.25,47.28,0.4616,54.21,Wheat,Madhya Pradesh,Bhopal-Sehore-Ashta,42.1,56.14,47.72,0,48.9,1
2026-01-25,Sehore,23.2032,77.085,26.14,30.93,55.88,0.4921,65.54,Wheat,Madhya Pradesh,Bhopal-Sehore-Ashta,33.99,55.86,42.74,0,51.5,1
2026-01-26,Sehore,23.2032,77.085,33.99,33.11,46.96,0.5182,63.31,Wheat,Madhya Pradesh,Bhopal-Sehore-Ashta,37.07,60.77,46.55,0,56.58,1
2026-01-27,Sehore,23.2032,77.085,30.68,31.39,55.58,0.5097,57.74,Wheat,Madhya Pradesh,Bhopal-Sehore-Ashta,29.82,52.31,38.81,0,39.2,1
2026-01-28,Sehore,23.2032,77.085,27.41,32.16,47.44,0.496,51.45,Wheat,Madhya Pradesh,Bhopal-Sehore-Ashta,39.06,53.89,44.99,0,46.3,1
2026-01-29,Sehore,23.2032,77.085,28.58,36.67,51.15,0.491,83.75,Wheat,Madhya Pradesh,Bhopal-Sehore-Ashta,42.49,74.19,55.17,0,71.15,2
2026-01-30,Sehore,23.2032,77.085,27.93,31.72,46.93,0.5049,61.52,Wheat,Madhya Pradesh,Bhopal-Sehore-Ashta,37.82,58.41,46.06,0,46.98,1
2026-01-31,Sehore,23.2032,77.085,27.07,32.79,55.45,0.5033,57.43,Wheat,Madhya Pradesh,Bhopal-Sehore-Ashta,35.6,54.09,43.0,0,43.22,1
2026-02-01,Sehore,23.2032,77.085,23.63,31.01,61.33,0.6076,68.8,Wheat,Madhya Pradesh,Bhopal-Sehore-Ashta,31.98,54.08,40.82,0,50.23,1
2026-02-02,Sehore,23.2032,77.085,27.39,31.39,54.67,0.5537,59.62,Wheat,Madhya Pradesh,Bhopal-Sehore-Ashta,32.06,52.76,40.34,0,50.35,1
2026-02-03,Sehore,23.2032,77.085,25.0,30.88,55.07,0.579,57.55,Wheat,Madhya Pradesh,Bhopal-Sehore-Ashta,33.1,50.41,40.02,0,45.34,1
2026-02-04,Sehore,23.2032,77.085,22.93,31.51,51.5,0.5434,64.09,Wheat,Madhya Pradesh,Bhopal-Sehore-Ashta,39.57,56.71,46.42,0,58.37,1
2026-02-05,Sehore,23.2032,77.085,29.88,32.75,56.97,0.5572,52.18,Wheat,Madhya Pradesh,Bhopal-Sehore-Ashta,29.78,49.68,37.74,0,46.36,1
2026-02-06,Sehore,23.2032,77.085,29.25,33.43,51.21,0.5475,63.87,Wheat,Madhya Pradesh,Bhopal-Sehore-Ashta,35.12,59.04,44.69,0,54.65,1
2026-02-07,Sehore,23.2032,77.085,20.35,29.9,55.69,0.5041,76.14,Wheat,Madhya Pradesh,Bhopal-Sehore-Ashta,38.95,59.71,47.25,0,58.69,1
2026-02-08,Sehore,23.2032,77.085,26.77,30.07,62.47,0.5498,66.29,Wheat,Madhya Pradesh,Bhopal-Sehore-Ashta,29.29,53.3,38.89,0,58.75,1
2026-02-09,Sehore,23.2032,77.085,30.96,25.58,69.01,0.5537,58.14,Wheat,Madhya Pradesh,Bhopal-Sehore-Ashta,22.41,46.33,31.98,0,38.8,1
2026-02-10,Sehore,23.2032,77.085,30.9,27.52,77.54,0.5447,62.43,Wheat,Madhya Pradesh,Bhopal-Sehore-Ashta,30.46,54.74,40.17,0,36.83,1
2026-02-11,Sehore,23.2032,77.085,30.41,29.37,61.64,0.5808,57.56,Wheat,Madhya Pradesh,Bhopal-Sehore-Ashta,23.07,47.08,32.67,0,48.16,1
2026-02-12,Sehore,23.2032,77.085,26.06,28.68,72.82,0.6659,60.54,Wheat,Madhya Pradesh,Bhopal-Sehore-Ashta,30.47,50.8,38.6,0,42.89,1
2026-02-13,Sehore,23.2032,77.085,22.1,26.64,67.9,0.637,56.52,Wheat,Madhya Pradesh,Bhopal-Sehore-Ashta,30.08,44.71,35.93,0,42.65,1
2026-02-14,Sehore,23.2032,77.085,20.67,27.65,66.96,0.6831,66.23,Wheat,Madhya Pradesh,Bhopal-Sehore-Ashta,31.34,49.5,38.61,0,53.44,1
2026-02-15,Sehore,23.2032,77.085,25.89,26.2,70.87,0.6676,45.72,Wheat,Madhya Pradesh,Bhopal-Sehore-Ashta,25.78,39.42,31.23,0,27.57,0
2026-02-16,Sehore,23.2032,77.085,25.5,27.29,69.99,0.6844,66.66,Wheat,Madhya Pradesh,Bhopal-Sehore-Ashta,26.86,50.54,36.33,0,39.17,1
2026-02-17,Sehore,23.2032,77.085,28.57,24.65,71.17,0.6469,55.83,Wheat,Madhya Pradesh,Bhopal-Sehore-Ashta,21.12,43.08,29.9,0,29.67,0
2026-02-18,Sehore,23.2032,77.085,27.24,22.63,69.47,0.7012,58.08,Wheat,Madhya Pradesh,Bhopal-Sehore-Ashta,17.04,39.86,26.17,0,31.77,1
2026-02-19,Sehore,23.2032,77.085,21.71,23.7,65.37,0.7124,45.05,Wheat,Madhya Pradesh,Bhopal-Sehore-Ashta,22.42,32.7,26.53,0,34.28,1
2026-02-20,Sehore,23.2032,77.085,16.64,15.67,65.44,0.6963,58.1,Wheat,Madhya Pradesh,Bhopal-Sehore-Ashta,20.31,32.46,25.17,0,37.67,1
2026-02-21,Sehore,23.2032,77.085,19.7,22.78,77.18,0.7229,67.7,Wheat,Madhya Pradesh,Bhopal-Sehore-Ashta,29.82,47.73,36.98,0,47.58,1
2026-02-22,Sehore,23.2032,77.085,21.19,13.02,73.22,0.7489,54.63,Wheat,Madhya Pradesh,Bhopal-Sehore-Ashta,17.87,33.0,23.92,0,26.07,0
2026-02-23,Sehore,23.2032,77.085,18.85,16.97,72.27,0.7136,38.79,Wheat,Madhya Pradesh,Bhopal-Sehore-Ashta,21.11,25.38,22.82,0,16.06,0
2026-02-24,Sehore,23.2032,77.085,16.67,21.51,75.87,0.6929,63.48,Wheat,Madhya Pradesh,Bhopal-Sehore-Ashta,31.6,44.07,36.59,0,44.93,1
2026-02-25,Sehore,23.2032,77.085,19.32,21.13,80.31,0.697,61.43,Wheat,Madhya Pradesh,Bhopal-Sehore-Ashta,30.35,44.39,35.97,0,41.25,1
2026-02-26,Sehore,23.2032,77.085,15.61,16.95,77.69,0.7483,39.36,Wheat,Madhya Pradesh,Bhopal-Sehore-Ashta,26.95,27.3,27.09,0,33.07,1
2026-02-27,Sehore,23.2032,77.085,14.44,17.6,73.89,0.7585,50.79,Wheat,Madhya Pradesh,Bhopal-Sehore-Ashta,26.09,31.35,28.19,0,38.48,1
2026-02-28,Sehore,23.2032,77.085,17.53,22.02,83.61,0.7199,62.63,Wheat,Madhya Pradesh,Bhopal-Sehore-Ashta,34.97,47.06,39.81,0,47.35,1
2026-03-01,Sehore,23.2032,77.085,14.01,17.42,85.61,0.757,60.01,Wheat,Madhya Pradesh,Bhopal-Sehore-Ashta,33.29,40.98,36.37,0,47.26,1
2026-03-02,Sehore,23.2032,77.085,15.94,23.39,80.36,0.7642,59.92,Wheat,Madhya Pradesh,Bhopal-Sehore-Ashta,36.12,45.42,39.84,0,47.01,1
2026-03-03,Sehore,23.2032,77.085,15.42,17.95,82.85,0.7788,56.71,Wheat,Madhya Pradesh,Bhopal-Sehore-Ashta,30.07,38.15,33.3,0,42.97,1
2026-03-04,Sehore,23.2032,77.085,9.15,18.66,84.21,0.8072,66.62,Wheat,Madhya Pradesh,Bhopal-Sehore-Ashta,39.15,44.51,41.29,0,45.37,1
2026-03-05,Sehore,23.2032,77.085,11.18,21.23,83.6,0.795,66.95,Wheat,Madhya Pradesh,Bhopal-Sehore-Ashta,40.29,47.63,43.22,0,49.44,1
2026-03-06,Sehore,23.2032,77.085,18.27,17.64,80.89,0.7345,31.49,Wheat,Madhya Pradesh,Bhopal-Sehore-Ashta,26.09,25.01,25.66,0,28.39,0
2026-03-07,Sehore,23.2032,77.085,7.32,14.89,80.61,0.8207,47.22,Wheat,Madhya Pradesh,Bhopal-Sehore-Ashta,38.24,32.44,35.92,0,43.41,1
2026-03-08,Sehore,23.2032,77.085,2.98,16.84,79.95,0.7499,51.65,Wheat,Madhya Pradesh,Bhopal-Sehore-Ashta,42.93,34.38,39.51,0,41.18,1
2026-03-09,Sehore,23.2032,77.085,3.5,16.95,71.52,0.796,34.52,Wheat,Madhya Pradesh,Bhopal-Sehore-Ashta,37.5,22.2,31.38,0,34.93,1
2026-03-10,Sehore,23.2032,77.085,10.6,13.86,80.1,0.7714,50.64,Wheat,Madhya Pradesh,Bhopal-Sehore-Ashta,34.12,33.93,34.05,0,37.7,1
2026-03-11,Sehore,23.2032,77.085,10.18,16.42,69.34,0.7498,58.35,Wheat,Madhya Pradesh,Bhopal-Sehore-Ashta,28.47,33.18,30.35,0,38.16,1
2026-03-12,Sehore,23.2032,77.085,9.19,15.35,71.61,0.7075,40.69,Wheat,Madhya Pradesh,Bhopal-Sehore-Ashta,32.19,26.17,29.78,0,37.2,1
2026-03-13,Sehore,23.2032,77.085,14.16,19.26,81.49,0.7457,58.5,Wheat,Madhya Pradesh,Bhopal-Sehore-Ashta,32.78,40.12,35.72,0,32.59,1
2026-03-14,Sehore,23.2032,77.085,0.0,17.33,78.51,0.7043,46.64,Wheat,Madhya Pradesh,Bhopal-Sehore-Ashta,46.95,32.17,41.04,0,36.24,1
2026-03-15,Sehore,23.2032,77.085,10.3,16.75,81.03,0.7771,47.27,Wheat,Madhya Pradesh,Bhopal-Sehore-Ashta,35.0,32.65,34.06,0,30.61,1
2026-03-16,Sehore,23.2032,77.085,14.73,17.35,71.46,0.7879,60.88,Wheat,Madhya Pradesh,Bhopal-Sehore-Ashta,24.36,35.35,28.76,0,26.73,0
2026-03-17,Sehore,23.2032,77.085,3.79,18.33,66.23,0.7115,45.4,Wheat,Madhya Pradesh,Bhopal-Sehore-Ashta,35.79,26.55,32.09,0,32.69,1
2026-03-18,Sehore,23.2032,77.085,6.64,19.49,69.92,0.7367,55.3,Wheat,Madhya Pradesh,Bhopal-Sehore-Ashta,35.56,34.03,34.95,0,44.8,1
2026-03-19,Sehore,23.2032,77.085,5.05,16.05,70.72,0.707,34.69,Wheat,Madhya Pradesh,Bhopal-Sehore-Ashta,36.52,22.8,31.03,0,30.7,1
2026-03-20,Sehore,23.2032,77.085,4.43,16.27,69.66,0.7032,64.42,Wheat,Madhya Pradesh,Bhopal-Sehore-Ashta,36.76,37.29,36.97,0,46.19,1
2026-03-21,Sehore,23.2032,77.085,6.7,21.56,73.95,0.7282,60.06,Wheat,Madhya Pradesh,Bhopal-Sehore-Ashta,41.15,40.89,41.05,0,52.2,1
2026-03-22,Sehore,23.2032,77.085,13.75,18.44,65.46,0.7032,48.28,Wheat,Madhya Pradesh,Bhopal-Sehore-Ashta,24.14,27.97,25.67,0,39.09,1
2026-03-23,Sehore,23.2032,77.085,15.48,16.53,67.99,0.7532,52.43,Wheat,Madhya Pradesh,Bhopal-Sehore-Ashta,21.51,29.64,24.76,0,32.72,1
2026-03-24,Sehore,23.2032,77.085,6.92,21.23,60.24,0.6698,39.65,Wheat,Madhya Pradesh,Bhopal-Sehore-Ashta,34.31,25.57,30.82,0,40.24,1
